PREMIUM;;
Tanggal;Jumlah ( Penjualan );
;qty (L);Jumlah (Rp)
2016-01-01;8.694;63.467.076
2016-01-02;10.044;73.320.032
2016-01-03;13.928;101.671.188
2016-01-04;12.518;91.382.972
2016-01-05;11.112;77.424.375
2016-01-06;11.606;80.663.279
2016-01-07;9.673;67.228.046
2016-01-08;9.382;65.207.889
2016-01-09;10.501;72.983.479
2016-01-10;10.659;74.081.582
2016-01-11;4.043;28.097.877
2016-01-12;6.669;46.349.402
2016-01-13;9.336;64.885.825
2016-01-14;7.159;49.752.062
2016-01-15;9.456;65.718.922
2016-01-16;6.275;43.613.405
2016-01-17;8.963;62.289.375
2016-01-18;3.161;21.970.757
2016-01-19;3.728;25.911.964
2016-01-20;8.489;58.997.439
2016-01-21;8.189;56.914.871
2016-01-22;8.041;55.883.421
2016-01-23;10.109;70.259.010
2016-01-24;9.796;68.084.772
2016-01-25;8.856;61.549.826
2016-01-26;8.349;58.027.358
2016-01-27;8.144;56.603.649
2016-01-28;8.357;58.079.135
2016-01-29;6.981;48.516.769
2016-01-30;9.198;63.925.336
2016-01-31;3;28.983
2016-02-01;1;9.661
2016-02-02;38;263.197
2016-02-03;8.771;60.955.114
2016-02-04;9.175;63.766.807
2016-02-05;10.057;69.892.884
2016-02-06;5.645;39.221.423
2016-02-07;8.955;62.240.239
2016-02-08;4.735;32.906.026
2016-02-09;10.847;75.383.384
2016-02-10;4.806;33.399.546
2016-02-11;1.771;12.308.728
2016-02-12;9.228;64.132.446
2016-02-13;9.368;65.110.797
2016-02-14;9.997;69.479.498
2016-02-15;1.402;9.741.120
2016-02-16;6.034;41.937.482
2016-02-17;10.230;71.096.694
2016-02-18;9.339;64.906.050
2016-02-19;9.142;63.538.846
2016-02-20;9.508;66.082.060
2016-02-21;10.598;73.653.668
2016-02-22;8.086;56.198.743
2016-02-23;8.558;59.479.977
2016-02-24;9.304;64.665.789
2016-02-25;9.220;64.081.989
2016-02-26;9.113;63.333.821
2016-02-27;10.790;74.991.196
2016-02-28;29;200.786
2016-02-29;9.353;65.002.517
2016-03-01;11.716,66; 81.430.788,00 
2016-03-02;10.334,69; 71.826.096,00 
2016-03-03;4.068,82; 28.278.299,00 
2016-03-04;9.728,98; 68.629.691,00 
2016-03-05;5.906,54; 41.050.454,00 
2016-03-06;10.943,80; 76.059.410,00 
2016-03-07;34,22; 237.829,00 
2016-03-08;7.962,91; 55.342.225,00 
2016-03-09;7.873,06; 54.717.768,00 
2016-03-10;86,44; 600.758,00 
2016-03-11;3.598,08; 25.006.656,00 
2016-03-12;9.645,50; 67.036.226,00 
2016-03-13;7.123,22; 49.506.380,00 
2016-03-14;8.393,67; 58.336.007,00 
2016-03-15;7.694,00; 53.473.301,00 
2016-03-16;9.164,73; 63.694.874,00 
2016-03-17;2.668,69; 18.547.396,00 
2016-03-18;3.769,48; 26.197.886,00 
2016-03-19;9.847,76; 68.441.933,00 
2016-03-20;9.825,20; 68.285.141,00 
2016-03-21;8.411,01; 58.456.519,00 
2016-03-22;4.172,04; 28.995.678,00 
2016-03-23;8.631,01; 59.985.520,00 
2016-03-24;8.982,21; 62.426.360,00 
2016-03-25;7.992,55; 55.548.223,00 
2016-03-26;1.778,96; 12.363.772,00 
2016-03-27;6.982,57; 48.528.861,00 
2016-03-28;8.661,32; 60.196.174,00 
2016-03-29;2.393,04; 16.631.628,00 
2016-03-30;8.578,20; 59.618.491,00 
2016-03-31;7.612,97; 52.910.142,00 
2016-04-01;7.297,11; 47.066.360,00 
2016-04-02;10.562,86; 68.130.448,00 
2016-04-03;9.766,32; 62.992.764,00 
2016-04-04;1.682,20; 10.850.190,00 
2016-04-05;8.337,31; 53.775.650,00 
2016-04-06;8.227,08; 53.064.666,00 
2016-04-07;7.417,51; 47.842.939,00 
2016-04-08;9.010,13; 58.115.339,00 
2016-04-09;10.077,61; 65.000.584,00 
2016-04-10;5.239,44; 33.794.388,00 
2016-04-11;7.349,45; 47.403.952,00 
2016-04-12;9.434,72; 60.853.944,00 
2016-04-13;10.107,91; 65.196.020,00 
2016-04-14;9.060,23; 58.438.484,00 
2016-04-15;8.991,76; 57.996.852,00 
2016-04-16;9.752,47; 62.903.432,00 
2016-04-17;8.941,93; 57.675.449,00 
2016-04-18;9.833,53; 63.426.269,00 
2016-04-19;6.202,69; 40.007.351,00 
2016-04-20;8.778,88; 56.623.777,00 
2016-04-21;8.280,76; 53.410.902,00 
2016-04-22;9.204,69; 59.370.250,00 
2016-04-23;9.283,62; 59.879.349,00 
2016-04-24;9.811,58; 63.284.691,00 
2016-04-25;578,77; 3.733.067,00 
2016-04-26;2.793,61; 18.018.785,00 
2016-04-27;8.673,58; 55.944.591,00 
2016-04-28;7.560,45; 48.765.753,00 
2016-04-29;7.570,63; 48.845.150,00 
2016-04-30;4.974,53; 32.085.719,00 
2016-05-01;0,00; -   
2016-05-02;33,77; 217.817,00 
2016-05-03;7.356,04; 47.446.458,00 
2016-05-04;8.406,06; 54.219.087,00 
2016-05-05;6.304,27; 40.662.542,00 
2016-05-06;9.376,20; 60.476.490,00 
2016-05-07;8.949,63; 57.725.114,00 
2016-05-08;6.955,90; 44.865.555,00 
2016-05-09;0,00; -   
2016-05-10;8.687,74; 56.035.923,00 
2016-05-11;6.957,32; 44.874.714,00 
2016-05-12;3.017,75; 19.464.488,00 
2016-05-13;9.521,59; 61.414.256,00 
2016-05-14;10.165,13; 65.565.089,00 
2016-05-15;8.953,21; 57.748.205,00 
2016-05-16;0,00; -   
2016-05-17;3.218,85; 20.761.583,00 
2016-05-18;8.839,69; 57.016.001,00 
2016-05-19;8.841,88; 57.030.126,00 
2016-05-20;8.646,22; 55.768.119,00 
2016-05-21;7.301,87; 47.097.062,00 
2016-05-22;9.826,26; 63.379.378,00 
2016-05-23;61,82; 398.739,00 
2016-05-24;5.973,86; 38.531.398,00 
2016-05-25;9.399,76; 60.628.453,00 
2016-05-26;676,65; 4.364.393,00 
2016-05-27;0,00; -   
2016-05-28;9.946,38; 64.154.152,00 
2016-05-29;5.742,32; 37.038.029,00 
2016-05-30;37,82; 243.939,00 
2016-05-31;8.873,32; 57.232.915,00 
2016-06-01;7.020,04; 45.279.258,00 
2016-06-02;8.869,38; 57.207.502,00 
2016-06-03;6.983,86; 45.045.897,00 
2016-06-04;4.871,07; 31.418.402,00 
2016-06-05;10.880,21; 70.177.355,00 
2016-06-06;55,58; 358.492,00 
2016-06-07;145,16; 936.283,00 
2016-06-08;6.277,44; 40.489.488,00 
2016-06-09;8.368,76; 53.978.503,00 
2016-06-10;1.044,35; 6.736.058,00 
2016-06-11;20,00; 129.000,00 
2016-06-12;1,89; 12.191,00 
2016-06-13;0,00; -   
2016-06-14;0,00; -   
2016-06-15;0,00; -   
2016-06-16;43,09; 277.931,00 
2016-06-17;6.702,56; 43.231.512,00 
2016-06-18;9.542,70; 61.550.416,00 
2016-06-19;7.918,93; 51.077.099,00 
2016-06-20;8.275,80; 53.378.910,00 
2016-06-21;8.339,07; 53.787.002,00 
2016-06-22;8.013,38; 51.686.301,00 
2016-06-23;8.549,08; 55.141.566,00 
2016-06-24;7.921,67; 51.094.772,00 
2016-06-25;9.277,99; 59.843.036,00 
2016-06-26;9.289,77; 59.919.017,00 
2016-06-27;8.501,60; 54.835.321,00 
2016-06-28;8.852,33; 57.097.528,00 
2016-06-29;8.168,77; 52.688.567,00 
2016-06-30;8.618,91; 55.591.970,00 
2016-07-01;8.995,06; 58.018.138,00 
2016-07-02;10.917,82; 70.419.940,00 
2016-07-03;10.940,60; 70.566.871,00 
2016-07-04;10.927,43; 70.481.924,00 
2016-07-05;11.306,52; 72.927.376,00 
2016-07-06;6.748,86; 43.530.147,00 
2016-07-07;7.779,38; 50.177.001,00 
2016-07-08;7.292,34; 47.036.593,00 
2016-07-09;7.444,70; 48.018.315,00 
2016-07-10;8.728,70; 56.300.115,00 
2016-07-11;9.037,47; 58.291.682,00 
2016-07-12;8.811,30; 56.832.885,00 
2016-07-13;8.650,03; 55.792.694,00 
2016-07-14;8.261,20; 53.285.320,00 
2016-07-15;8.282,32; 53.420.965,00 
2016-07-16;9.519,91; 61.403.420,00 
2016-07-17;6.295,87; 40.608.361,00 
2016-07-18;9.442,90; 60.906.705,00 
2016-07-19;9.333,44; 60.200.689,00 
2016-07-20;7.428,51; 47.913.890,00 
2016-07-21;8.600,79; 55.475.096,00 
2016-07-22;6.511,37; 41.998.337,00 
2016-07-23;5.692,21; 36.714.755,00 
2016-07-24;9.057,68; 58.422.036,00 
2016-07-25;9.215,98; 59.443.072,00 
2016-07-26;9.312,86; 60.067.948,00 
2016-07-27;8.606,94; 55.521.213,00 
2016-07-28;8.637,80; 55.713.810,00 
2016-07-29;8.571,71; 55.288.175,00 
2016-07-30;9.490,46; 61.213.468,00 
2016-07-31;10.502,06; 67.738.288,00 
2016-08-01;8.438,53; 54.428.519,00 
2016-08-02;0,00; -   
2016-08-03;8.201,00; 52.896.100,00 
2016-08-04;10.890,00; 70.240.000,00 
2016-08-05;7.520,00; 48.504.000,00 
2016-08-06;9.530,00; 61.469.000,00 
2016-08-07;9.292,00; 59.933.800,00 
2016-08-08;9.886,00; 63.764.700,00 
2016-08-09;8.126,00; 52.412.500,00 
2016-08-10;7.306,00; 47.182.400,00 
2016-08-11;5.389,00; 34.759.000,00 
2016-08-12;5.569,00; 35.919.930,00 
2016-08-13;4.637,00; 29.908.600,00 
2016-08-14;7.752,00; 51.935.350,00 
2016-08-15;10.296,67; 66.374.671,00 
2016-08-16;10.618,88; 68.492.126,00 
2016-08-17;8.819,31; 56.884.550,00 
2016-08-18;10.223,87; 65.943.962,00 
2016-08-19;7.702,89; 49.685.641,00 
2016-08-20;8.702,65; 56.128.043,00 
2016-08-21;7.013,75; 45.238.837,00 
2016-08-22;7.192,81; 46.393.624,00 
2016-08-23;8.092,00; 52.193.400,00 
2016-08-24;6.836,86; 44.097.748,00 
2016-08-25;7.072,67; 45.618.722,00 
2016-08-26;6.462,79; 41.687.512,00 
2016-08-27;7.022,27; 45.293.642,00 
2016-08-28;7.121,31; 45.932.450,00 
2016-08-29;0,00; -   
2016-08-30;5.330,77; 34.383.467,00 
2016-08-31;6.755,56; 43.573.362,00 
2016-09-01;7.779,53; 50.177.968,00 
2016-09-02;7.428,35; 47.912.858,00 
2016-09-03;8.205,58; 52.925.992,00 
2016-09-04;9.738,41; 62.812.744,00 
2016-09-05;6.888,62; 44.431.599,00 
2016-09-06;7.588,16; 48.943.632,00 
2016-09-07;7.920,37; 51.086.387,00 
2016-09-08;3.726,76; 24.037.602,00 
2016-09-09;8.397,38; 54.163.101,00 
2016-09-10;12.282,81; 79.224.124,50 
2016-09-11;8.620,82; 55.604.289,00 
2016-09-12;7.235,32; 46.667.814,00 
2016-09-13;8.510,08; 54.890.016,00 
2016-09-14;7.654,80; 49.373.460,00 
2016-09-15;7.657,04; 49.387.908,00 
2016-09-16;7.726,29; 49.834.570,50 
2016-09-17;8.611,14; 55.541.853,00 
2016-09-18;7.797,90; 50.296.455,00 
2016-09-19;7.341,39; 47.351.966,00 
2016-09-20;7.297,44; 47.068.489,00 
2016-09-21;7.324,60; 47.243.026,00 
2016-09-22;7.391,59; 47.675.756,00 
2016-09-23;8.782,69; 56.648.350,50 
2016-09-24;9.253,36; 59.684.172,00 
2016-09-25;7.607,08; 49.065.666,00 
2016-09-26;8.138,48; 52.493.196,00 
2016-09-27;7.300,35; 47.087.253,00 
2016-09-28;7.280,39; 46.958.513,00 
2016-09-29;8.834,23; 56.980.784,00 
2016-09-30;8.819,46; 56.885.517,00 
2016-10-01;9.153,26; 59.038.527,00 
2016-10-02;4.997,72; 32.235.294,00 
2016-10-03;3.464,77; 22.347.766,00 
2016-10-04;10.177,30; 65.643.585,00 
2016-10-05;10.578,43; 68.230.874,00 
2016-10-06;7.329,26; 47.273.727,00 
2016-10-07;6.333,79; 40.852.946,00 
2016-10-08;8.474,55; 54.660.847,00 
2016-10-09;8.447,84; 54.488.569,00 
2016-10-10;7.357,12; 47.453.424,00 
2016-10-11;8.089,03; 52.174.243,00 
2016-10-12;6.310,67; 40.703.822,00 
2016-10-13;6.563,53; 42.334.504,00 
2016-10-14;7.197,53; 46.424.069,00 
2016-10-15;9.952,49; 64.193.561,00 
2016-10-16;9.031,85; 58.255.433,00 
2016-10-17;7.764,42; 50.080.509,00 
2016-10-18;5.761,77; 37.165.673,00 
2016-10-19;3.646,51; 23.519.989,00 
2016-10-20;5.853,69; 37.756.300,00 
2016-10-21;7.811,51; 50.384.239,00 
2016-10-22;7.592,08; 48.968.916,00 
2016-10-23;7.393,93; 47.690.848,00 
2016-10-24;7.651,38; 49.351.400,00 
2016-10-25;7.291,83; 47.032.303,00 
2016-10-26;6.721,06; 43.350.837,00 
2016-10-27;6.266,53; 40.419.118,00 
2016-10-28;5.783,80; 37.305.510,00 
2016-10-29;6.514,19; 42.016.525,00 
2016-10-30;7.318,19; 47.202.325,00 
2016-10-31;7.069,56; 45.598.662,00 
2016-11-01;6.751,11; 43.544.659,00 
2016-11-02;6.450,41; 41.605.144,00 
2016-11-03;6.429,79; 41.472.145,00 
2016-11-04;6.512,02; 42.002.530,00 
2016-11-05;7.532,93; 48.587.398,00 
2016-11-06;8.892,05; 57.353.722,00 
2016-11-07;8.305,74; 53.572.023,00 
2016-11-08;8.303,12; 53.555.124,00 
2016-11-09;7.250,23; 46.763.983,00 
2016-11-10;7.799,04; 50.303.808,00 
2016-11-11;6.938,57; 44.753.975,00 
2016-11-12;8.100,10; 52.245.644,00 
2016-11-13;7.292,01; 47.033.464,00 
2016-11-14;8.222,50; 53.035.124,00 
2016-11-15;7.101,65; 45.805.642,00 
2016-11-16;7.041,69; 45.418.900,00 
2016-11-17;7.211,69; 46.515.816,00 
2016-11-18;7.055,90; 45.510.555,00 
2016-11-19;8.686,70; 56.033.050,00 
2016-11-20;8.177,58; 52.745.391,00 
2016-11-21;7.121,36; 45.932.965,00 
2016-11-22;6.776,10; 43.705.845,00 
2016-11-23;6.984,15; 45.047.767,00 
2016-11-24;7.339,14; 47.337.452,00 
2016-11-25;7.063,26; 45.558.026,00 
2016-11-26;7.766,93; 50.096.698,00 
2016-11-27;10.486,05; 67.635.022,00 
2016-11-28;7.594,79; 48.986.395,00 
2016-11-29;6.979,69; 45.019.000,00 
2016-11-30;6.686,73; 43.129.408,00 
2016-12-01;8.153,67; 52.591.171,00 
2016-12-02;7.611,59; 49.094.755,00 
2016-12-03;7.902,03; 50.968.093,00 
2016-12-04;2.709,56; 17.476.662,00 
2016-12-05;7.691,10; 49.607.597,00 
2016-12-06;7.696,36; 49.641.521,00 
2016-12-07;7.091,26; 45.738.626,00 
2016-12-08;8.269,68; 53.339.436,00 
2016-12-09;5.369,81; 34.635.274,00 
2016-12-10;8.709,87; 56.178.661,00 
2016-12-11;8.617,39; 55.582.165,00 
2016-12-12;9.027,71; 58.228.793,00 
2016-12-13;4.498,67; 29.016.421,00 
2016-12-14;8.340,04; 53.793.258,00 
2016-12-15;6.781,44; 43.740.287,00 
2016-12-16;6.854,47; 44.210.170,00 
2016-12-17;8.074,00; 52.077.300,00 
2016-12-18;8.437,49; 54.421.810,00 
2016-12-19;5.241,84; 33.809.867,00 
2016-12-20;0,00; -   
2016-12-21;7.100,23; 45.796.483,00 
2016-12-22;7.061,87; 45.549.061,00 
2016-12-23;7.858,80; 50.689.260,00 
2016-12-24;9.962,03; 64.255.094,00 
2016-12-25;9.739,65; 62.820.742,00 
2016-12-26;9.399,28; 60.625.355,00 
2016-12-27;8.750,30; 56.439.435,00 
2016-12-28;8.200,21; 52.891.354,00 
2016-12-29;7.952,06; 51.290.851,00 
2016-12-30;8.305,69; 53.571.700,00 
2016-12-31;11.832,13; 76.316.916,00 
2017-01-01;8.742,65; 56.390.092,00 
2017-01-02;7.723,71; 49.817.929,00 
2017-01-03;9.302,26; 59.995.707,00 
2017-01-04;5.350,08; 34.559.552,00 
2017-01-05;7.622,18; 49.163.060,00 
2017-01-06;7.888,82; 50.882.887,00 
2017-01-07;8.350,13; 53.858.338,00 
2017-01-08;8.726,09; 56.283.281,00 
2017-01-09;7.971,44; 51.415.787,00 
2017-01-10;8.701,43; 56.124.223,00 
2017-01-11;7.962,50; 51.358.125,00 
2017-01-12;7.361,11; 47.479.159,00 
2017-01-13;7.120,90; 45.929.805,00 
2017-01-14;8.448,22; 54.491.019,00 
2017-01-15;8.057,08; 51.961.716,00 
2017-01-16;7.544,16; 48.659.638,00 
2017-01-17;7.889,14; 50.884.953,00 
2017-01-18;7.034,59; 45.373.105,00 
2017-01-19;8.243,34; 53.169.542,00 
2017-01-20;7.633,98; 49.239.170,00 
2017-01-21;7.442,58; 48.004.318,00 
2017-01-22;7.537,14; 48.614.553,00 
2017-01-23;6.506,75; 41.968.537,00 
2017-01-24;7.085,26; 45.699.992,00 
2017-01-25;6.602,22; 42.584.319,00 
2017-01-26;7.406,12; 47.769.474,00 
2017-01-27;7.791,82; 50.257.238,00 
2017-01-28;8.601,08; 55.476.966,00 
2017-01-29;8.801,01; 56.766.214,00 
2017-01-30;7.971,61; 51.416.884,00 
2017-01-31;4.421,14; 28.516.353,00 
2017-02-01;7.090,73; 45.735.208,00 
2017-02-02;7.925,87; 51.121.862,00 
2017-02-03;9.533,10; 61.488.495,00 
2017-02-04;9.334,58; 60.208.040,00 
2017-02-05;7.580,19; 48.892.225,00 
2017-02-06;8.556,36; 55.188.521,00 
2017-02-07;5.270,72; 33.996.144,00 
2017-02-08;7.626,07; 49.188.151,00 
2017-02-09;8.433,55; 54.396.397,00 
2017-02-10;8.258,72; 53.268.744,00 
2017-02-11;8.150,00; 52.567.500,00 
2017-02-12;8.700,18; 56.000.062,00 
2017-02-13;10.697,27; 68.997.392,00 
2017-02-14;9.835,58; 63.265.541,00 
2017-02-15;6.970,90; 44.962.305,00 
2017-02-16;3.431,97; 22.136.207,00 
2017-02-17;2.909,74; 18.767.823,00 
2017-02-18;7.888,74; 50.882.373,00 
2017-02-19;8.302,88; 53.553.575,00 
2017-02-20;7.828,22; 50.492.019,00 
2017-02-21;8.296,10; 53.509.845,00 
2017-02-22;7.636,85; 49.257.682,00 
2017-02-23;7.205,08; 46.472.766,00 
2017-02-24;7.791,46; 50.254.918,00 
2017-02-25;9.127,64; 58.873.279,00 
2017-02-26;8.173,51; 52.719.139,00 
2017-02-27;7.747,77; 49.973.116,00 
2017-02-28;7.242,19; 46.712.126,00 
2017-03-01;8.592,85; 55.423.882,00 
2017-03-02;7.457,87; 48.103.261,00 
2017-03-03;7.791,22; 50.253.368,00 
2017-03-04;9.094,29; 58.658.170,00 
2017-03-05;8.792,53; 56.711.818,00 
2017-03-06;9.788,61; 63.136.535,00 
2017-03-07;633,67; 4.087.172,00 
2017-03-08;7.176,67; 46.289.521,00 
2017-03-09;8.472,75; 54.642.787,00 
2017-03-10;6.813,60; 43.947.719,00 
2017-03-11;9.061,48; 58.446.546,00 
2017-03-12;7.587,10; 48.936.796,00 
2017-03-13;9.125,70; 58.860.727,00 
2017-03-14;10.482,95; 67.608.578,00 
2017-03-15;6.093,34; 39.302.043,00 
2017-03-16;8.125,37; 52.408.636,00 
2017-03-17;8.613,06; 55.554.237,00 
2017-03-18;9.492,47; 61.226.432,00 
2017-03-19;9.928,73; 64.040.309,00 
2017-03-20;11.580,16; 74.692.032,00 
2017-03-21;9.752,73; 62.905.109,00 
2017-03-22;8.529,54; 55.015.534,00 
2017-03-23;8.357,43; 53.905.424,00 
2017-03-24;9.423,03; 60.778.544,00 
2017-03-25;10.034,57; 64.722.977,00 
2017-03-26;10.119,62; 65.271.549,00 
2017-03-27;9.426,06; 60.798.087,00 
2017-03-28;7.943,14; 51.233.254,00 
2017-03-29;8.881,08; 57.282.966,00 
2017-03-30;9.287,42; 59.903.860,00 
2017-03-31;9.812,74; 63.292.174,00 
2017-04-01;10.128,64; 65.329.728,00 
2017-04-02;10.063,79; 64.911.446,00 
2017-04-03;11.560,13; 74.562.839,00 
2017-04-04;9.881,16; 63.733.482,00 
2017-04-05;10.445,09; 67.370.831,00 
2017-04-06;9.938,64; 64.104.229,00 
2017-04-07;11.099,73; 71.593.259,00 
2017-04-08;11.419,01; 73.652.615,00 
2017-04-09;11.036,01; 71.182.265,00 
2017-04-10;11.832,95; 76.322.528,00 
2017-04-11;9.205,85; 59.377.732,00 
2017-04-12;8.983,27; 57.942.092,00 
2017-04-13;10.127,69; 65.323.275,00 
2017-04-14;10.148,50; 65.457.826,00 
2017-04-15;10.212,70; 65.871.916,00 
2017-04-16;11.490,60; 74.114.371,00 
2017-04-17;10.054,23; 64.849.784,00 
2017-04-18;10.306,23; 66.475.184,00 
2017-04-19;9.772,52; 63.032.755,00 
2017-04-20;9.651,17; 62.250.047,00 
2017-04-21;10.137,99; 65.390.036,00 
2017-04-22;11.126,68; 71.767.086,00 
2017-04-23;10.298,98; 66.428.422,00 
2017-04-24;11.072,31; 71.416.400,00 
2017-04-25;0,00; -   
2017-04-26;6.509,00; 41.983.050,00 
2017-04-27;9.553,00; 61.616.850,00 
2017-04-28;10.654,00; 68.718.300,00 
2017-04-29;10.982,00; 70.833.900,00 
2017-04-30;10.179,00; 65.654.550,00 
2017-05-01;11.187,00; 72.156.150,00 
2017-05-02;10.908,00; 70.356.600,00 
2017-05-03;802,00; 5.172.900,00 
2017-05-04;7.880,00; 50.826.000,00 
2017-05-05;0,00; -   
2017-05-06;5.231,00; 33.739.950,00 
2017-05-07;11.939,00; 77.006.550,00 
2017-05-08;6.805,00; 43.892.250,00 
2017-05-09;7.832,00; 50.516.400,00 
2017-05-10;31,00; 200.000,00 
2017-05-11;6.187,00; 39.906.150,00 
2017-05-12;2.052,00; 13.235.400,00 
2017-05-13;7.660,00; 49.407.000,00 
2017-05-14;0,00; -   
2017-05-15;0,00; -   
2017-05-16;0,00; -   
2017-05-17;7.102,00; 45.807.900,00 
2017-05-18;7.960,00; 51.342.000,00 
2017-05-19;46,51; 299.989,00 
2017-05-20;0,00; -   
2017-05-21;0,00; -   
2017-05-22;0,00; -   
2017-05-23;7.844,00; 50.593.800,00 
2017-05-24;0,00; -   
2017-05-25;10,00; 64.500,00 
2017-05-26;0,00; -   
2017-05-27;5.306,00; 34.223.700,00 
2017-05-28;2.764,00; 17.827.800,00 
2017-05-29;0,00; -   
2017-05-30;0,00; -   
2017-05-31;0,00; -   
2017-06-01;7.772,00; 50.129.400,00 
2017-06-02;0,00; -   
2017-06-03;21,00; 135.450,00 
2017-06-04;0,00; -   
2017-06-05;7.451,00; 48.058.950,00 
2017-06-06;478,00; 3.083.100,00 
2017-06-07;9.833,00; 63.422.850,00 
2017-06-08;5.845,00; 37.700.250,00 
2017-06-09;2.590,00; 16.705.500,00 
2017-06-10;8.321,00; 53.670.450,00 
2017-06-11;11.725,00; 75.626.250,00 
2017-06-12;9.330,00; 60.178.500,00 
2017-06-13;4.819,00; 31.082.550,00 
2017-06-14;10.816,00; 69.763.200,00 
2017-06-15;5.367,00; 34.617.150,00 
2017-06-16;10.985,00; 70.853.250,00 
2017-06-17;12.545,00; 80.915.250,00 
2017-06-18;12.743,00; 82.192.350,00 
2017-06-19;5.863,00; 37.813.360,00 
2017-06-20;10.101,00; 65.151.450,00 
2017-06-21;13.630,00; 87.913.500,00 
2017-06-22;15.008,00; 96.801.600,00 
2017-06-23;15.219,00; 98.162.550,00 
2017-06-24;15.267,00; 98.472.150,00 
2017-06-25;8.450,00; 54.502.500,00 
2017-06-26;11.466,00; 73.955.700,00 
2017-06-27;9.915,00; 63.951.750,00 
2017-06-28;9.911,00; 63.925.950,00 
2017-06-29;9.355,00; 60.339.750,00 
2017-06-30;9.239,00; 59.591.550,00 
2017-07-01;10.507,00; 67.770.150,00 
2017-07-02;10.597,00; 68.350.650,00 
2017-07-03;9.362,00; 60.384.900,00 
2017-07-04;9.745,00; 62.855.250,00 
2017-07-05;8.967,00; 57.837.150,00 
2017-07-06;12.625,00; 81.431.250,00 
2017-07-07;2.914,00; 18.795.300,00 
2017-07-08;14.768,00; 95.253.600,00 
2017-07-09;14.247,00; 91.893.150,00 
2017-07-10;0,00; -   
2017-07-11;13.039,00; 84.101.550,00 
2017-07-12;14.414,00; 92.970.300,00 
2017-07-13;14.025,00; 90.461.250,00 
2017-07-14;10.455,00; 67.434.750,00 
2017-07-15;14.887,00; 96.021.150,00 
2017-07-16;13.392,00; 86.378.400,00 
2017-07-17;15.715,00; 101.361.750,00 
2017-07-18;14.846,00; 95.756.700,00 
2017-07-19;13.512,00; 87.152.400,00 
2017-07-20;13.749,00; 88.681.050,00 
2017-07-21;4.243,00; 27.367.350,00 
2017-07-22;7.802,00; 50.322.900,00 
2017-07-23;7.253,00; 46.781.850,00 
2017-07-24;985,00; 6.353.250,00 
2017-07-25;7.653,00; 49.361.850,00 
2017-07-26;4.881,00; 31.482.450,00 
2017-07-27;8.179,00; 52.754.550,00 
2017-07-28;8.382,00; 54.063.900,00 
2017-07-29;10.403,00; 67.099.350,00 
2017-07-30;4.453,00; 28.721.850,00 
2017-07-31;3.355,00; 21.639.750,00 
2017-08-01;7.759,00; 50.045.550,00 
2017-08-02;7.886,00; 50.864.700,00 
2017-08-03;31,00; 200.000,00 
2017-08-04;8.114,00; 52.335.300,00 
2017-08-05;6.821,00; 43.995.450,00 
2017-08-06;931,00; 6.004.950,00 
2017-08-07;0,00; -   
2017-08-08;7.002,00; 45.162.900,00 
2017-08-09;1.028,00; 6.630.600,00 
2017-08-10;0,00; -   
2017-08-11;4.693,00; 30.269.850,00 
2017-08-12;10.988,00; 70.872.600,00 
2017-08-13;8.243,00; 53.167.350,00 
2017-08-14;7.847,00; 50.613.150,00 
2017-08-15;7.839,00; 50.561.550,00 
2017-08-16;6.760,00; 43.602.800,00 
2017-08-17;9.121,00; 58.830.450,00 
2017-08-18;0,00; -   
2017-08-19;6.338,00; 40.880.100,00 
2017-08-20;1.622,00; 10.461.900,00 
2017-08-21;0,00; -   
2017-08-22;635,00; 4.095.750,00 
2017-08-23;13.838,00; 89.255.100,00 
2017-08-24;1.338,00; 8.630.100,00 
2017-08-25;13.290,00; 85.720.500,00 
2017-08-26;2.589,00; 16.699.050,00 
2017-08-27;7.940,00; 51.213.000,00 
2017-08-28;0,00; -   
2017-08-29;7.710,00; 49.730.500,00 
2017-08-30;8.090,00; 52.180.500,00 
2017-08-31;0,00; -   
2017-09-01;1.534,00; 9.894.300,00 
2017-09-02;14.169,00; 91.390.050,00 
2017-09-03;7.838,00; 50.555.100,00 
2017-09-04;0,00; -   
2017-09-05;7.932,00; 51.161.400,00 
2017-09-06;0,00; -   
2017-09-07;7.830,00; 50.503.500,00 
2017-09-08;7.827,00; 50.484.150,00 
2017-09-09;7.848,00; 50.619.600,00 
2017-09-10;0,00; -   
2017-09-11;7.871,00; 50.767.950,00 
2017-09-12;1.479,00; 9.539.550,00 
2017-09-13;6.099,00; 39.338.550,00 
2017-09-14;6.557,00; 42.292.650,00 
2017-09-15;9.486,00; 61.184.700,00 
2017-09-16;0,00; -   
2017-09-17;7.966,00; 51.380.700,00 
2017-09-18;7.867,00; 50.742.150,00 
2017-09-19;7.915,00; 51.051.750,00 
2017-09-20;0,00; -   
2017-09-21;7.663,00; 49.426.350,00 
2017-09-22;8.345,00; 53.825.250,00 
2017-09-23;8.049,00; 51.916.050,00 
2017-09-24;37,00; 238.650,00 
2017-09-25;0,00; -   
2017-09-26;7.626,00; 49.187.700,00 
2017-09-27;0,00; -   
2017-09-28;6,00; 38.700,00 
2017-09-29;0,00; -   
2017-09-30;7.998,00; 51.587.100,00 
2017-10-01;0,00; -   
2017-10-02;0,00; -   
2017-10-03;7.774,00; 50.141.300,00 
2017-10-04;0,00; -   
2017-10-05;8.126,00; 52.412.700,00 
2017-10-06;0,00; -   
2017-10-07;7.770,00; 50.116.500,00 
2017-10-08;7.982,00; 51.483.900,00 
2017-10-09;46,00; 296.700,00 
2017-10-10;7.959,00; 51.335.550,00 
2017-10-11;9,00; 58.050,00 
2017-10-12;0,00; -   
2017-10-13;8.118,00; 52.363.100,00 
2017-10-14;0,00; -   
2017-10-15;7.278,00; 46.943.100,00 
2017-10-16;8.495,00; 54.792.750,00 
2017-10-17;7.638,00; 49.265.100,00 
2017-10-18;7.899,00; 50.950.100,00 
2017-10-19;8.161,00; 52.638.450,00 
2017-10-20;0,00; -   
2017-10-21;7.954,00; 51.303.306,00 
2017-10-22;11.410,00; 73.594.500,00 
2017-10-23;4.469,00; 28.825.050,00 
2017-10-24;7.903,00; 50.974.350,00 
2017-10-25;7.931,00; 51.154.950,00 
2017-10-26;7.255,00; 46.794.750,00 
2017-10-27;0,00; -   
2017-10-28;8.438,00; 54.425.100,00 
2017-10-29;0,00; -   
2017-10-30;0,00; -   
2017-10-31;7.734,00; 49.884.300,00 
2017-11-01;22,00; 141.900,00 
2017-11-02;0,00; -   
2017-11-03;8.227,00; 53.063.150,00 
2017-11-04;7.710,00; 49.729.500,00 
2017-11-05;41,00; 264.450,00 
2017-11-06;57,00; 367.660,00 
2017-11-07;7.968,00; 51.393.600,00 
2017-11-08;0,00; -   
2017-11-09;20,00; 129.000,00 
2017-11-10;0,00; -   
2017-11-11;8.022,00; 51.741.900,00 
2017-11-12;0,00; -   
2017-11-13;0,00; -   
2017-11-14;7.992,00; 51.548.400,00 
2017-11-15;7.468,00; 48.168.600,00 
2017-11-16;0,00; -   
2017-11-17;8.318,00; 53.651.100,00 
2017-11-18;0,00; -   
2017-11-19;7.739,00; 49.916.550,00 
2017-11-20;0,00; -   
2017-11-21;7.678,00; 49.523.100,00 
2017-11-22;8.250,00; 53.212.500,00 
2017-11-23;0,00; -   
2017-11-24;6.653,00; 42.911.850,00 
2017-11-25;1.292,00; 8.333.400,00 
2017-11-26;0,00; -   
2017-11-27;7.976,00; 51.445.200,00 
2017-11-28;7.810,00; 50.374.500,00 
2017-11-29;7.788,00; 50.268.600,00 
2017-11-30;0,00; -   
2017-12-01;8.094,00; 52.206.300,00 
2017-12-02;0,00; -   
2017-12-03;0,00; -   
2017-12-04;7.942,00; 51.225.900,00 
2017-12-05;7.447,00; 48.033.150,00 
2017-12-06;31,00; 199.950,00 
2017-12-07;8.130,00; 52.438.500,00 
2017-12-08;7.800,00; 50.310.000,00 
2017-12-09;0,00; -   
2017-12-10;7.991,00; 51.541.950,00 
2017-12-11;10,00; 64.500,00 
2017-12-12;8.095,00; 52.212.750,00 
2017-12-13;0,00; -   
2017-12-14;7.799,00; 50.303.550,00 
2017-12-15;7.865,00; 50.729.250,00 
2017-12-16;0,00; -   
2017-12-17;7.881,00; 50.832.450,00 
2017-12-18;0,00; -   
2017-12-19;8.059,00; 51.980.550,00 
2017-12-20;0,00; -   
2017-12-21;7.889,00; 50.851.800,00 
2017-12-22;7.926,00; 49.122.700,00 
2017-12-23;0,00; -   
2017-12-24;7.823,00; 50.458.350,00 
2017-12-25;136,00; 877.200,00 
2017-12-26;7.821,00; 50.445.450,00 
2017-12-27;0,00; -   
2017-12-28;7.952,00; 51.290.400,00 
2017-12-29;8.088,00; 52.167.600,00 
2017-12-30;0,00; -   
2017-12-31;7.793,00; 50.264.850,00 
2018-01-01;7.919,00;51.077.550,00
2018-01-02;7.980,00;51.471.000,00
2018-01-03;0; -   
2018-01-04;27;174.150,00
2018-01-05;7.884,00;50.851.800,00
2018-01-06;0; -   
2018-01-07;7.729,00;49.852.050,00
2018-01-08;7.871,00;50.767.950,00
2018-01-09;0; -   
2018-01-10;7.958,00;51.329.100,00
2018-01-11;0; -   
2018-01-12;7.695,00;49.632.750,00
2018-01-13;0; -   
2018-01-14;8.130,00;52.438.500,00
2018-01-15;0; -   
2018-01-16;7.967,00;51.387.150,00
2018-01-17;7.879,00;50.819.500,00
2018-01-18;0; -   
2018-01-19;7.988,00;51.522.600,00
2018-01-20;0; -   
2018-01-21;7.913,00;51.038.850,00
2018-01-22;7.900,00;50.955.000,00
2018-01-23;0; -   
2018-01-24;7.996,00;51.574.200,00
2018-01-25;0; -   
2018-01-26;6.776,00;43.705.200,00
2018-01-27;1.135,00;7.320.750,00
2018-01-28;8.017,00;51.709.650,00
2018-01-29;7.958,00;51.329.100,00
2018-01-30;0; -   
2018-01-31;7.923,00;51.103.350,00
2018-02-01;7.890,00;50.890.500,00
2018-02-02;0; -   
2018-02-03;7.956,00;51.316.200,00
2018-02-04;0; -   
2018-02-05;7.785,00;50.213.250,00
2018-02-06;0; -   
2018-02-07;7.861,00;50.703.450,00
2018-02-08;7.944,00;51.238.800,00
2018-02-09;0; -   
2018-02-10;7.996,00;51.574.200,00
2018-02-11;0; -   
2018-02-12;7.953,00;51.296.850,00
2018-02-13;0; -   
2018-02-14;7.770,00;50.116.500,00
2018-02-15;7.920,00;51.084.000,00
2018-02-16;0; -   
2018-02-17;0; -   
2018-02-18;7.801,00;50.316.450,00
2018-02-19;8.054,00;51.948.300,00
2018-02-20;0; -   
2018-02-21;7.857,00;50.677.650,00
2018-02-22;7.972,00;51.419.400,00
2018-02-23;0; -   
2018-02-24;8.078,00;52.103.100,00
2018-02-25;0; -   
2018-02-26;15.412,00;99.407.750,00
2018-02-27;8.247,00;53.193.150,00
2018-02-28;7.830,00;50.503.500,00
2018-03-01;14.101,00;90.951.450,00
2018-03-02;1.712,00;11.042.600,00
2018-03-03;0; -   
2018-03-04;0; -   
2018-03-05;15.898,00;102.542.100,00
2018-03-06;0; -   
2018-03-07;0; -   
2018-03-08;7.917,00;51.064.650,00
2018-03-09;0; -   
2018-03-10;8.017,00;51.709.650,00
2018-03-11;0; -   
2018-03-12;0; -   
2018-03-13;7.834,00;50.529.300,00
2018-03-14;7.954,00;51.303.300,00
2018-03-15;7.868,00;50.748.600,00
2018-03-16;0; -   
2018-03-17;7.949,00;51.271.000,00
2018-03-18;16;103.200,00
2018-03-19;0; -   
2018-03-20;7.769,00;50.110.050,00
2018-03-21;7.951,00;51.283.950,00
2018-03-22;7.951,00;51.283.850,00
2018-03-23;0; -   
2018-03-24;8.015,00;51.696.750,00
2018-03-25;0; -   
2018-03-26;0; -   
2018-03-27;15.735,00;101.491.750,00
2018-03-28;6.221,00;40.125.450,00
2018-03-29;16.910,00;109.101.750,00
2018-03-30;13.820,00;89.139.000,00
2018-03-31;16.089,00;103.774.050,00
2018-04-01;17.974,00;115.945.200,00
2018-04-02;17.781,00;114.687.450,00
2018-04-03;16.922,00;109.791.900,00
2018-04-04;16.627,00;107.244.156,00
2018-04-05;17.815,00;114.906.750,00
2018-04-06;17.127,00;110.469.150,00
2018-04-07;11.747,00;75.768.150,00
2018-04-08;11.175,00;72.078.650,00
2018-04-09;18.545,00;119.615.250,00
2018-04-10;17.348,00;111.894.600,00
2018-04-11;15.673,00;101.090.850,00
2018-04-12;17.792,00;114.758.400,00
2018-04-13;18.522,00;119.466.900,00
2018-04-14;16.810,00;108.424.500,00
2018-04-15;18.198,00;117.377.100,00
2018-04-16;17.830,00;115.326.000,00
2018-04-17;15.432,00;99.536.400,00
2018-04-18;16.730,00;107.909.400,00
2018-04-19;17.990,00;116.035.500,00
2018-04-20;16.746,00;108.011.700,00
2018-04-21;16.313,00;105.219.350,00
2018-04-22;17.514,00;112.965.300,00
2018-04-23;17.768,00;114.603.600,00
2018-04-24;15.013,00;96.833.850,00
2018-04-25;18.103,00;116.764.350,00
2018-04-26;18.898,00;121.892.100,00
2018-04-27;19.377,00;124.981.650,00
2018-04-28;16.197,00;104.470.650,00
2018-04-29;18.913,00;121.988.850,00
2018-04-30;18.890,00;121.840.500,00
2018-05-01;18.967,00;122.336.350,00
2018-05-02;20.147,00;129.948.150,00
2018-05-03;19.950,00;128.677.500,00
2018-05-04;19.211,00;123.910.950,00
2018-05-05;19.534,00;125.994.700,00
2018-05-06;19.154,00;123.543.300,00
2018-05-07;20.330,00;131.128.500,00
2018-05-08;19.441,00;125.394.450,00
2018-05-09;21.232,00;136.946.400,00
2018-05-10;17.392,00;112.178.400,00
2018-05-11;11.993,00;77.355.650,00
2018-05-12;15.842,00;102.180.900,00
2018-05-13;16.691,00;107.656.950,00
2018-05-14;20.725,00;133.676.250,00
2018-05-15;10.236,00;66.022.200,00
2018-05-16;15.248,00;98.349.600,00
2018-05-17;14.467,00;93.312.150,00
2018-05-18;15.391,00;99.272.600,00
2018-05-19;15.535,00;100.200.750,00
2018-05-20;16.327,00;105.309.150,00
2018-05-21;16.431,00;105.979.950,00
2018-05-22;16.178,00;104.348.100,00
2018-05-23;17.648,00;113.829.600,00
2018-05-24;16.625,00;107.231.250,00
2018-05-25;17.354,00;111.933.300,00
2018-05-26;16.525,00;106.586.250,00
2018-05-27;15.294,00;98.646.300,00
2018-05-28;17.771,00;114.622.951,00
2018-05-29;16.396,00;105.754.200,00
2018-05-30;16.937,00;109.243.650,00
2018-05-31;16.135,00;104.070.750,00
2018-06-01;17.281,00;111.462.450,00
2018-06-02;18.133,00;116.957.850,00
2018-06-03;16.906,00;109.043.700,00
2018-06-04;12.522,00;80.766.900,00
2018-06-05;17.669,00;113.965.050,00
2018-06-06;17.819,00;114.932.550,00
2018-06-07;18.357,00;118.402.650,00
2018-06-08;13.597,00;87.700.650,00
2018-06-09;17.408,00;112.281.600,00
2018-06-10;19.611,00;126.490.950,00
2018-06-11;19.833,00;127.922.850,00
2018-06-12;21.107,00;136.140.150,00
2018-06-13;19.714,00;127.155.300,00
2018-06-14;18.927,00;122.079.150,00
2018-06-15;13.380,00;86.301.000,00
2018-06-16;16.222,00;104.631.900,00
2018-06-17;12.250,00;79.012.500,00
2018-06-18;16.353,00;105.476.850,00
2018-06-19;17.454,00;112.578.300,00
2018-06-20;18.252,00;117.725.400,00
2018-06-21;16.888,00;108.927.600,00
2018-06-22;18.551,00;119.653.950,00
2018-06-23;18.111,00;116.815.950,00
2018-06-24;18.491,00;119.266.950,00
2018-06-25;18.064,00;116.512.800,00
2018-06-26;19.033,00;122.762.850,00
2018-06-27;17.315,00;111.681.750,00
2018-06-28;17.580,00;113.391.000,00
2018-06-29;18.178,00;117.248.100,00
2018-06-30;18.320,00;118.164.000,00
2018-07-01;20.124,00;129.799.800,00
2018-07-02;17.744,00;114.448.800,00
2018-07-03;14.211,00;91.660.950,00
2018-07-04;20.007,00;129.045.150,00
2018-07-05;5.038,00;32.495.100,00
2018-07-06;18.646,00;120.266.700,00
2018-07-07;19.553,00;126.116.850,00
2018-07-08;20.334,00;131.154.300,00
2018-07-09;20.640,00;133.128.000,00
2018-07-10;17.396,00;112.204.200,00
2018-07-11;18.913,00;121.988.850,00
2018-07-12;17.105,00;110.327.250,00
2018-07-13;17.644,00;113.803.800,00
2018-07-14;17.943,00;115.732.350,00
2018-07-15;18.411,00;118.750.950,00
2018-07-16;7.582,00;48.903.900,00
2018-07-17;19.771,00;127.522.950,00
2018-07-18;18.943,00;122.182.350,00
2018-07-19;18.755,00;120.969.750,00
2018-07-20;18.654,00;120.318.300,00
2018-07-21;19.235,00;124.065.750,00
2018-07-22;18.638,00;120.215.100,00
2018-07-23;19.642,00;126.690.900,00
2018-07-24;19.514,00;125.865.300,00
2018-07-25;18.364,00;118.447.800,00
2018-07-26;18.596,00;119.944.200,00
2018-07-27;17.585,00;113.423.250,00
2018-07-28;18.372,00;118.499.400,00
2018-07-29;17.640,00;113.778.000,00
2018-07-30;12.926,00;83.372.700,00
2018-07-31;19.691,00;127.005.950,00
2018-08-01;19.623,00;126.568.350,00
2018-08-02;18.425,00;118.841.250,00
2018-08-03;20.064,00;129.412.800,00
2018-08-04;19.770,00;127.516.500,00
2018-08-05;17.351,00;111.913.950,00
2018-08-06;19.700,00;127.065.000,00
2018-08-07;15.551,00;100.303.950,00
2018-08-08;18.444,00;118.963.800,00
2018-08-09;17.876,00;115.300.200,00
2018-08-10;17.389,00;112.159.050,00
2018-08-11;18.449,00;118.996.050,00
2018-08-12;18.218,00;117.506.100,00
2018-08-13;18.382,00;118.241.400,00
2018-08-14;6.388,00;41.202.600,00
2018-08-15;15.064,00;97.162.800,00
2018-08-16;18.487,00;119.241.150,00
2018-08-17;17.984,00;115.996.800,00
2018-08-18;16.838,00;108.611.100,00
2018-08-19;17.594,00;113.481.300,00
2018-08-20;17.752,00;114.500.400,00
2018-08-21;19.221,00;123.975.450,00
2018-08-22;13.719,00;88.487.550,00
2018-08-23;18.080,00;116.616.000,00
2018-08-24;16.766,00;108.140.700,00
2018-08-25;18.449,00;118.996.050,00
2018-08-26;17.398,00;112.167.100,00
2018-08-27;19.696,00;127.039.200,00
2018-08-28;17.976,00;115.945.200,00
2018-08-29;19.787,00;127.626.150,00
2018-08-30;12.260,00;79.077.000,00
2018-08-31;12.099,00;78.038.550,00
2018-09-01;20.145,00;129.935.250,00
2018-09-02;19.943,00;128.632.350,00
2018-09-03;14.969,00;96.550.050,00
2018-09-04;20.461,00;131.973.450,00
2018-09-05;20.915,00;134.901.750,00
2018-09-06;17.685,00;114.068.250,00
2018-09-07;16.008,00;103.251.600,00
2018-09-08;7.839,00;50.561.550,00
2018-09-09;15.945,00;102.845.250,00
2018-09-10;15.820,00;102.039.800,00
2018-09-11;18.971,00;122.362.950,00
2018-09-12;20.684,00;133.411.800,00
2018-09-13;15.806,00;101.948.700,00
2018-09-14;8.603,00;55.489.350,00
2018-09-15;21.377,00;137.880.850,00
2018-09-16;9.365,00;60.504.250,00
2018-09-17;7.910,00;51.019.500,00
2018-09-18;15.949,00;102.871.050,00
2018-09-19;11.842,00;76.380.900,00
2018-09-20;13.667,00;88.152.150,00
2018-09-21;19.772,00;127.529.400,00
2018-09-22;14.097,00;90.925.650,00
2018-09-23;20.070,00;129.451.500,00
2018-09-24;10.279,00;66.299.550,00
2018-09-25;20.201,00;130.296.450,00
2018-09-26;17.013,00;109.733.850,00
2018-09-27;13.758,00;88.739.100,00
2018-09-28;17.916,00;115.558.200,00
2018-09-29;7.944,00;51.238.800,00
2018-09-30;0; -   
2018-10-01;23.738,00;153.110.100,00
2018-10-02;10.120,00;65.274.000,00
2018-10-03;20.944,00;135.088.800,00
2018-10-04;15.783,00;101.800.350,00
2018-10-05;11.717,00;75.574.650,00
2018-10-06;17.843,00;115.280.850,00
2018-10-07;10.399,00;67.073.550,00
2018-10-08;10.190,00;65.725.500,00
2018-10-09;13.612,00;87.797.400,00
2018-10-10;7.956,00;51.316.200,00
2018-10-11;7.908,00;51.006.600,00
2018-10-12;7.941,00;51.219.450,00
2018-10-13;7.934,00;51.174.300,00
2018-10-14;7.933,00;51.167.850,00
2018-10-15;7.924,00;51.109.800,00
2018-10-16;7.968,00;51.393.600,00
2018-10-17;7.946,00;51.251.700,00
2018-10-18;7.924,00;51.109.800,00
2018-10-19;7.938,00;51.200.100,00
2018-10-20;7.934,00;51.174.300,00
2018-10-21;15.823,00;102.058.350,00
2018-10-22;0; -   
2018-10-23;7.977,00;51.451.650,00
2018-10-24;7.924,00;51.109.800,00
2018-10-25;0; -   
2018-10-26;15.869,00;102.355.050,00
2018-10-27;15.823,00;102.052.350,00
2018-10-28;16.690,00;107.631.150,00
2018-10-29;22.598,00;145.757.100,00
2018-10-30;12.695,00;81.882.750,00
2018-10-31;19.136,00;123.427.200,00
2018-11-01;15.883,00;102.445.350,00
2018-11-02;19.783,00;127.600.350,00
2018-11-03;17.181,00;110.817.450,00
2018-11-04;18.292,00;117.983.400,00
2018-11-05;15.864,00;102.322.800,00
2018-11-06;15.812,00;101.987.400,00
2018-11-07;15.630,00;100.813.500,00
2018-11-08;16.031,00;103.399.950,00
2018-11-09;15.818,00;102.026.100,00
2018-11-10;14.032,00;90.506.400,00
2018-11-11;14.639,00;94.421.550,00
2018-11-12;13.455,00;86.784.750,00
2018-11-13;20.900,00;134.805.000,00
2018-11-14;15.912,00;102.632.400,00
2018-11-15;15.821,00;102.045.450,00
2018-11-16;14.709,00;94.873.050,00
2018-11-17;16.411,00;105.850.950,00
2018-11-18;16.291,00;105.076.950,00
2018-11-19;15.841,00;102.174.450,00
2018-11-20;7.902,00;50.967.900,00
2018-11-21;8.956,00;57.766.200,00
2018-11-22;19.031,00;122.814.450,00
2018-11-23;15.316,00;98.788.200,00
2018-11-24;19.975,00;128.838.750,00
2018-11-25;15.822,00;102.051.900,00
2018-11-26;15.798,00;101.897.100,00
2018-11-27;15.822,00;102.051.900,00
2018-11-28;7.960,00;51.342.000,00
2018-11-29;7.869,00;50.755.050,00
2018-11-30;7.903,00;50.974.350,00
2018-12-01;15.825,00;102.071.250,00
2018-12-02;15.822,00;102.051.900,00
2018-12-03;15.813,00;101.993.850,00
2018-12-04;11.018,00;71.066.100,00
2018-12-05;15.818,00;102.026.100,00
2018-12-06;12.136,00;78.277.200,00
2018-12-07;19.893,00;128.309.850,00
2018-12-08;18.060,00;116.487.000,00
2018-12-09;18.038,00;116.345.100,00
2018-12-10;15.793,00;101.865.850,00
2018-12-11;13.135,00;84.720.750,00
2018-12-12;16.648,00;107.379.600,00
2018-12-13;13.173,00;84.965.850,00
2018-12-14;17.787,00;114.726.150,00
2018-12-15;18.439,00;118.931.550,00
2018-12-16;14.321,00;92.370.450,00
2018-12-17;14.116,00;91.048.200,00
2018-12-18;14.897,00;96.085.650,00
2018-12-19;17.604,00;113.545.800,00
2018-12-20;18.060,00;116.487.000,00
2018-12-21;15.820,00;102.039.000,00
2018-12-22;8.512,00;54.902.400,00
2018-12-23;21.692,00;139.913.400,00
2018-12-24;14.863,00;95.866.350,00
2018-12-25;18.176,00;117.235.200,00
2018-12-26;9.633,00;62.132.850,00
2018-12-27;19.730,00;127.258.500,00
2018-12-28;18.087,00;116.661.150,00
2018-12-29;6.058,00;39.074.100,00
2018-12-30;20.681,00;133.392.450,00
2018-12-31;20.849,00;134.476.050,00
2019-01-01;11.988,00;77.322.600,00
2019-01-02;19.670,00;126.871.500,00
2019-01-03;11.025,00;71.111.250,00
2019-01-04;19.097,00;123.175.650,00
2019-01-05;8.298,00;53.522.100,00
2019-01-06;20.543,00;132.502.350,00
2019-01-07;12.048,00;77.709.600,00
2019-01-08;11.795,00;76.077.750,00
2019-01-09;12.019,00;77.522.550,00
2019-01-10;12.647,00;81.673.150,00
2019-01-11;16.714,00;107.805.300,00
2019-01-12;16.540,00;106.683.000,00
2019-01-13;18.457,00;119.047.650,00
2019-01-14;14.394,00;92.841.300,00
2019-01-15;16.146,00;104.141.700,00
2019-01-16;13.758,00;88.739.100,00
2019-01-17;17.492,00;112.823.400,00
2019-01-18;22.946,00;148.001.700,00
2019-01-19;22.960,00;148.092.000,00
2019-01-20;20.813,00;134.243.850,00
2019-01-21;21.888,00;141.177.600,00
2019-01-22;22.776,00;146.905.200,00
2019-01-23;22.722,00;146.556.900,00
2019-01-24;23.831,00;153.709.950,00
2019-01-25;22.666,00;146.195.700,00
2019-01-26;20.729,00;133.702.050,00
2019-01-27;21.429,00;138.217.000,00
2019-01-28;20.288,00;130.857.600,00
2019-01-29;23.646,00;152.516.700,00
2019-01-30;22.466,00;144.905.700,00
2019-01-31;23.112,00;149.072.400,00
2019-02-01;21.486,00;138.584.700,00
2019-02-02;22.737,00;146.653.650,00
2019-02-03;22.499,00;145.118.550,00
2019-02-04;20.216,00;130.393.200,00
2019-02-05;20.011,00;129.070.950,00
2019-02-06;20.956,00;135.166.200,00
2019-02-07;21.831,00;140.809.950,00
2019-02-08;21.640,00;139.578.000,00
2019-02-09;20.109,00;129.703.050,00
2019-02-10;21.581,00;139.197.450,00
2019-02-11;22.468,00;144.918.600,00
2019-02-12;20.359,00;131.315.550,00
2019-02-13;22.746,00;146.711.700,00
2019-02-14;20.136,00;129.877.200,00
2019-02-15;21.506,00;138.713.700,00
2019-02-16;21.128,00;136.275.600,00
2019-02-17;18.911,00;121.975.950,00
2019-02-18;13.490,00;87.010.500,00
2019-02-19;16.367,00;105.567.150,00
2019-02-20;19.623,00;126.568.350,00
2019-02-21;18.587,00;119.886.150,00
2019-02-22;19.158,00;123.569.100,00
2019-02-23;16.690,00;107.650.500,00
2019-02-24;19.388,00;125.052.600,00
2019-02-25;15.616,00;100.723.200,00
2019-02-26;13.255,00;85.494.750,00
2019-02-27;19.874,00;128.187.300,00
2019-02-28;10.760,00;69.402.000,00
2019-03-01;22.428,00;144.660.600,00
2019-03-02;14.337,00;92.473.650,00
2019-03-03;21.288,00;137.307.600,00
2019-03-04;23.584,00;152.117.600,00
2019-03-05;17.505,00;112.907.250,00
2019-03-06;15.921,00;102.690.450,00
2019-03-07;14.683,00;94.705.350,00
2019-03-08;19.375,00;124.968.750,00
2019-03-09;14.177,00;91.441.650,00
2019-03-10;20.488,00;132.147.600,00
2019-03-11;18.352,00;118.370.400,00
2019-03-12;14.439,00;93.131.550,00
2019-03-13;20.824,00;134.314.800,00
2019-03-14;19.973,00;128.825.850,00
2019-03-15;15.889,00;102.484.050,00
2019-03-16;19.980,00;128.871.000,00
2019-03-17;22.005,00;141.932.250,00
2019-03-18;21.624,00;139.474.800,00
2019-03-19;19.563,00;126.181.350,00
2019-03-20;8.779,00;56.624.550,00
2019-03-21;16.641,00;107.334.450,00
2019-03-22;18.249,00;117.706.050,00
2019-03-23;19.253,00;124.181.850,00
2019-03-24;18.925,00;122.066.250,00
2019-03-25;21.175,00;136.578.750,00
2019-03-26;20.464,00;112.642.800,00
2019-03-27;21.684,00;129.096.750,00
2019-03-28;19.367,00;138.326.700,00
2019-03-29;19.833,00;127.922.850,00
2019-03-30;15.882,00;102.438.900,00
2019-03-31;20.910,00;134.869.500,00
2019-04-01;20.512,00;132.302.350,00
2019-04-02;14.817,00;95.569.650,00
2019-04-03;15.969,00;103.000.050,00
2019-04-04;17.054,00;109.998.300,00
2019-04-05;22.406,00;144.518.700,00
2019-04-06;18.188,00;117.312.600,00
2019-04-07;16.605,00;107.102.250,00
2019-04-08;16.527,00;106.599.150,00
2019-04-09;15.767,00;101.697.150,00
2019-04-10;18.360,00;118.422.000,00
2019-04-11;17.680,00;114.036.000,00
2019-04-12;14.963,00;96.511.350,00
2019-04-13;22.095,00;142.512.750,00
2019-04-14;14.358,00;92.609.100,00
2019-04-15;23.875,00;153.993.750,00
2019-04-16;21.422,00;138.171.900,00
2019-04-17;18.817,00;121.369.650,00
2019-04-18;16.482,00;106.308.900,00
2019-04-19;17.375,00;112.068.750,00
2019-04-20;19.692,00;127.013.400,00
2019-04-21;20.881,00;134.682.450,00
2019-04-22;13.401,00;86.436.450,00
2019-04-23;12.319,00;79.457.550,00
2019-04-24;12.924,00;83.359.800,00
2019-04-25;19.894,00;128.316.300,00
2019-04-26;15.560,00;100.362.000,00
2019-04-27;22.210,00;143.254.500,00
2019-04-28;23.322,00;150.426.900,00
2019-04-29;12.924,00;83.359.800,00
2019-04-30;23.719,00;152.987.550,00
2019-05-01;18.323,00;118.183.350,00
2019-05-02;25.190,00;162.475.500,00
2019-05-03;25.870,00;166.861.500,00
2019-05-04;17.433,00;112.441.850,00
2019-05-05;19.255,00;124.194.750,00
2019-05-06;21.304,00;137.410.800,00
2019-05-07;22.146,00;142.841.700,00
2019-05-08;21.059,00;135.830.550,00
2019-05-09;19.442,00;125.400.900,00
2019-05-10;19.866,00;128.135.700,00
2019-05-11;21.370,00;137.836.500,00
2019-05-12;20.835,00;134.372.850,00
2019-05-13;16.545,00;106.715.250,00
2019-05-14;15.763,00;101.671.350,00
2019-05-15;18.177,00;117.241.650,00
2019-05-16;20.511,00;132.295.950,00
2019-05-17;20.296,00;130.909.200,00
2019-05-18;21.751,00;140.293.950,00
2019-05-19;21.055,00;135.804.750,00
2019-05-20;16.241,00;104.754.450,00
2019-05-21;17.873,00;115.274.400,00
2019-05-22;16.910,00;109.069.500,00
2019-05-23;21.030,00;135.644.500,00
2019-05-24;20.093,00;129.599.850,00
2019-05-25;21.345,00;137.675.250,00
2019-05-26;22.775,00;146.898.750,00
2019-05-27;21.939,00;141.506.550,00
2019-05-28;22.319,00;143.957.550,00
2019-05-29;21.424,00;138.184.800,00
2019-05-30;22.113,00;142.628.850,00
2019-05-31;20.451,00;131.908.950,00
2019-06-01;21.056,00;135.811.200,00
2019-06-02;21.404,00;138.055.800,00
2019-06-03;22.148,00;142.854.600,00
2019-06-04;18.698,00;120.602.100,00
2019-06-05;15.088,00;97.317.600,00
2019-06-06;18.330,00;118.228.500,00
2019-06-07;16.206,00;104.528.700,00
2019-06-08;17.321,00;111.720.450,00
2019-06-09;19.026,00;122.717.700,00
2019-06-10;19.812,00;127.787.400,00
2019-06-11;18.062,00;116.499.900,00
2019-06-12;15.691,00;101.206.900,00
2019-06-13;19.272,00;124.304.400,00
2019-06-14;18.329,00;118.222.050,00
2019-06-15;20.532,00;132.431.400,00
2019-06-16;21.784,00;140.506.800,00
2019-06-17;21.312,00;137.460.400,00
2019-06-18;20.803,00;134.179.350,00
2019-06-19;20.060,00;129.387.000,00
2019-06-20;17.733,00;114.377.850,00
2019-06-21;20.394,00;131.541.300,00
2019-06-22;20.559,00;132.605.550,00
2019-06-23;20.624,00;133.024.800,00
2019-06-24;20.843,00;134.437.350,00
2019-06-25;20.244,00;130.573.800,00
2019-06-26;13.784,00;88.906.800,00
2019-06-27;19.407,00;125.175.150,00
2019-06-28;18.089,00;116.674.050,00
2019-06-29;17.369,00;112.030.050,00
2019-06-30;19.507,00;125.820.150,00
2019-07-01;20.729,00;133.702.050,00
2019-07-02;20.691,00;133.456.950,00
2019-07-03;20.615,00;132.966.750,00
2019-07-04;19.421,00;125.265.450,00
2019-07-05;19.901,00;128.361.450,00
2019-07-06;21.200,00;136.740.000,00
2019-07-07;16.992,00;109.598.400,00
2019-07-08;0; -   
2019-07-09;20.129,00;129.832.050,00
2019-07-10;20.593,00;132.824.850,00
2019-07-11;12.683,00;81.805.350,00
2019-07-12;21.238,00;136.985.100,00
2019-07-13;20.502,00;132.237.900,00
2019-07-14;20.001,00;129.006.450,00
2019-07-15;19.091,00;123.136.950,00
2019-07-16;18.274,00;117.867.300,00
2019-07-17;18.732,00;120.821.500,00
2019-07-18;19.862,00;128.683.950,00
2019-07-19;21.280,00;137.256.000,00
2019-07-20;20.462,00;131.979.900,00
2019-07-21;20.707,00;133.560.600,00
2019-07-22;20.854,00;134.508.300,00
2019-07-23;10.848,00;69.969.600,00
2019-07-24;20.418,00;131.696.100,00
2019-07-25;19.945,00;128.645.250,00
2019-07-26;20.138,00;129.890.100,00
2019-07-27;21.542,00;138.945.900,00
2019-07-28;20.715,00;133.611.750,00
2019-07-29;20.867,00;134.592.150,00
2019-07-30;10.501,00;67.731.450,00
2019-07-31;19.958,00;128.729.100,00
2019-08-01;20.667,00;133.302.150,00
2019-08-02;19.842,00;127.980.900,00
2019-08-03;19.329,00;124.672.050,00
2019-08-04;20.028,00;129.180.600,00
2019-08-05;21.510,00;138.739.500,00
2019-08-06;14.045,00;90.590.250,00
2019-08-07;20.273,00;130.760.850,00
2019-08-08;21.027,00;135.624.150,00
2019-08-09;20.137,00;129.883.650,00
2019-08-10;22.717,00;146.524.650,00
2019-08-11;16.855,00;108.714.750,00
2019-08-12;20.195,00;130.257.750,00
2019-08-13;20.371,00;131.392.950,00
2019-08-14;19.855,00;128.064.750,00
2019-08-15;19.456,00;125.491.200,00
2019-08-16;18.277,00;117.886.630,00
2019-08-17;21.458,00;138.403.600,00
2019-08-18;19.797,00;127.690.650,00
2019-08-19;18.214,00;117.480.300,00
2019-08-20;20.041,00;129.264.450,00
2019-08-21;20.001,00;129.006.450,00
2019-08-22;20.930,00;134.998.500,00
2019-08-23;20.100,00;129.645.000,00
2019-08-24;21.328,00;137.565.600,00
2019-08-25;20.741,00;133.779.450,00
2019-08-26;19.487,00;125.691.150,00
2019-08-27;14.064,00;90.712.800,00
2019-08-28;20.982,00;135.333.900,00
2019-08-29;19.374,00;124.962.300,00
2019-08-30;20.756,00;133.876.200,00
2019-08-31;21.509,00;138.733.050,00
2019-09-01;21.437,00;138.268.650,00
2019-09-02;21.402,00;138.042.900,00
2019-09-03;12.430,00;80.173.500,00
2019-09-04;21.961,00;141.648.450,00
2019-09-05;20.806,00;134.198.700,00
2019-09-06;20.929,00;134.992.500,00
2019-09-07;21.453,00;138.371.850,00
2019-09-08;20.332,00;131.141.400,00
2019-09-09;21.022,00;135.591.900,00
2019-09-10;19.920,00;128.484.000,00
2019-09-11;22.137,00;142.783.650,00
2019-09-12;19.015,00;122.646.750,00
2019-09-13;19.239,00;124.091.550,00
2019-09-14;20.418,00;131.696.100,00
2019-09-15;19.615,00;126.516.750,00
2019-09-16;20.611,00;132.941.950,00
2019-09-17;19.116,00;123.298.200,00
2019-09-18;20.643,00;133.147.350,00
2019-09-19;20.690,00;133.450.500,00
2019-09-20;20.297,00;130.915.650,00
2019-09-21;22.122,00;142.686.900,00
2019-09-22;15.860,00;102.297.000,00
2019-09-23;15.875,00;102.393.750,00
2019-09-24;15.871,00;102.367.950,00
2019-09-25;15.867,00;102.342.150,00
2019-09-26;15.862,00;102.309.900,00
2019-09-27;15.865,00;102.329.250,00
2019-09-28;15.798,00;101.897.100,00
2019-09-29;15.847,00;102.213.150,00
2019-09-30;15.843,00;102.187.350,00
2019-10-01;15.817,00;102.019.650,00
2019-10-02;15.880,00;102.426.000,00
2019-10-03;15.829,00;102.097.050,00
2019-10-04;15.856,00;102.271.200,00
2019-10-05;15.861,00;102.303.450,00
2019-10-06;15.810,00;101.974.500,00
2019-10-07;15.804,00;101.935.800,00
2019-10-08;15.767,00;101.697.150,00
2019-10-09;15.889,00;102.484.050,00
2019-10-10;15.849,00;102.226.050,00
2019-10-11;15.826,00;102.077.700,00
2019-10-12;15.742,00;101.535.900,00
2019-10-13;15.888,00;102.477.600,00
2019-10-14;15.815,00;102.006.750,00
2019-10-15;15.845,00;102.200.250,00
2019-10-16;15.870,00;102.361.500,00
2019-10-17;10.920,00;70.434.000,00
2019-10-18;27.556,00;177.736.200,00
2019-10-19;24.619,00;158.792.530,00
2019-10-20;24.176,00;155.935.200,00
2019-10-21;24.127,00;155.619.150,00
2019-10-22;25.084,00;161.791.800,00
2019-10-23;24.616,00;158.773.200,00
2019-10-24;21.144,00;136.378.800,00
2019-10-25;24.356,00;157.096.200,00
2019-10-26;21.751,00;140.293.950,00
2019-10-27;24.816,00;160.063.200,00
2019-10-28;24.953,00;160.946.850,00
2019-10-29;19.197,00;123.820.650,00
2019-10-30;25.243,00;162.817.350,00
2019-10-31;20.945,00;135.095.250,00
2019-11-01;24.048,00;155.109.600,00
2019-11-02;24.427,00;157.554.150,00
2019-11-03;24.735,00;159.540.750,00
2019-11-04;18.804,00;121.285.800,00
2019-11-05;19.696,00;127.039.200,00
2019-11-06;21.579,00;139.184.550,00
2019-11-07;24.552,00;158.360.400,00
2019-11-08;24.083,00;155.335.350,00
2019-11-09;24.512,00;158.102.400,00
2019-11-10;24.952,00;160.940.400,00
2019-11-11;18.056,00;116.461.200,00
2019-11-12;27.644,00;178.303.800,00
2019-11-13;23.489,00;151.504.050,00
2019-11-14;13.210,00;85.204.500,00
2019-11-15;7.897,00;50.935.650,00
2019-11-16;15.806,00;101.948.700,00
2019-11-17;15.863,00;102.316.350,00
2019-11-18;27.707,00;178.710.150,00
2019-11-19;26.523,00;171.073.350,00
2019-11-20;14.013,00;90.383.850,00
2019-11-21;25.191,00;162.481.950,00
2019-11-22;24.330,00;156.928.500,00
2019-11-23;22.917,00;147.801.750,00
2019-11-24;24.850,00;160.282.500,00
2019-11-25;26.840,00;173.118.000,00
2019-11-26;25.720,00;165.894.000,00
2019-11-27;19.405,00;125.162.250,00
2019-11-28;18.061,00;116.493.450,00
2019-11-29;26.787,00;172.776.150,00
2019-11-30;25.093,00;161.849.850,00
2019-12-01;19.782,00;127.593.900,00
2019-12-02;21.040,00;135.708.000,00
2019-12-03;15.861,00;102.303.450,00
2019-12-04;15.850,00;102.232.500,00
2019-12-05;15.788,00;101.832.600,00
2019-12-06;15.884,00;102.451.800,00
2019-12-07;15.826,00;102.077.700,00
2019-12-08;15.887,00;102.471.150,00
2019-12-09;15.877,00;102.406.650,00
2019-12-10;15.847,00;102.213.150,00
2019-12-11;15.850,00;102.232.500,00
2019-12-12;15.866,00;102.335.700,00
2019-12-13;15.871,00;102.367.950,00
2019-12-14;15.821,00;102.045.450,00
2019-12-15;15.820,00;102.039.000,00
2019-12-16;15.859,00;102.290.550,00
2019-12-17;8.537,00;55.063.650,00
2019-12-18;23.070,00;148.801.500,00
2019-12-19;15.869,00;102.355.050,00
2019-12-20;15.825,00;102.071.250,00
2019-12-21;15.846,00;102.206.700,00
2019-12-22;15.863,00;102.316.350,00
2019-12-23;15.740,00;101.523.000,00
2019-12-24;15.862,00;102.309.900,00
2019-12-25;15.829,00;102.097.050,00
2019-12-26;15.827,00;102.084.150,00
2019-12-27;15.916,00;102.658.200,00
2019-12-28;15.880,00;102.434.000,00
2019-12-29;15.860,00;102.297.000,00
2019-12-30;15.901,00;102.561.450,00
2019-12-31;15.874,00;102.387.300,00
