Tanggal,qty,Jumlah
2016-01-01,8694,63467076
2016-01-02,10044,73320032
2016-01-03,13928,101671188
2016-01-04,12518,91382972
2016-01-05,11112,77424375
2016-01-06,11606,80663279
2016-01-07,9673,67228046
2016-01-08,9382,65207889
2016-01-09,10501,72983479
2016-01-10,10659,74081582
2016-01-11,4043,28097877
2016-01-12,6669,46349402
2016-01-13,9336,64885825
2016-01-14,7159,49752062
2016-01-15,9456,65718922
2016-01-16,6275,43613405
2016-01-17,8963,62289375
2016-01-18,3161,21970757
2016-01-19,3728,25911964
2016-01-20,8489,58997439
2016-01-21,8189,56914871
2016-01-22,8041,55883421
2016-01-23,10109,70259010
2016-01-24,9796,68084772
2016-01-25,8856,61549826
2016-01-26,8349,58027358
2016-01-27,8144,56603649
2016-01-28,8357,58079135
2016-01-29,6981,48516769
2016-01-30,9198,63925336
2016-01-31,3,28983
2016-02-01,1,9661
2016-02-02,38,263197
2016-02-03,8771,60955114
2016-02-04,9175,63766807
2016-02-05,10057,69892884
2016-02-06,5645,39221423
2016-02-07,8955,62240239
2016-02-08,4735,32906026
2016-02-09,10847,75383384
2016-02-10,4806,33399546
2016-02-11,1771,12308728
2016-02-12,9228,64132446
2016-02-13,9368,65110797
2016-02-14,9997,69479498
2016-02-15,1402,9741120
2016-02-16,6034,41937482
2016-02-17,10230,71096694
2016-02-18,9339,64906050
2016-02-19,9142,63538846
2016-02-20,9508,66082060
2016-02-21,10598,73653668
2016-02-22,8086,56198743
2016-02-23,8558,59479977
2016-02-24,9304,64665789
2016-02-25,9220,64081989
2016-02-26,9113,63333821
2016-02-27,10790,74991196
2016-02-28,29,200786
2016-02-29,9353,65002517
2016-03-01,11717,81430788
2016-03-02,10335,71826096
2016-03-03,4069,28278299
2016-03-04,9729,68629691
2016-03-05,5907,41050454
2016-03-06,10944,76059410
2016-03-07,34,237829
2016-03-08,7963,55342225
2016-03-09,7873,54717768
2016-03-10,86,600758
2016-03-11,3598,25006656
2016-03-12,9646,67036226
2016-03-13,7123,49506380
2016-03-14,8394,58336007
2016-03-15,7694,53473301
2016-03-16,9165,63694874
2016-03-17,2669,18547396
2016-03-18,3769,26197886
2016-03-19,9848,68441933
2016-03-20,9825,68285141
2016-03-21,8411,58456519
2016-03-22,4172,28995678
2016-03-23,8631,59985520
2016-03-24,8982,62426360
2016-03-25,7993,55548223
2016-03-26,1779,12363772
2016-03-27,6983,48528861
2016-03-28,8661,60196174
2016-03-29,2393,16631628
2016-03-30,8578,59618491
2016-03-31,7613,52910142
2016-04-01,7297,47066360
2016-04-02,10563,68130448
2016-04-03,9766,62992764
2016-04-04,1682,10850190
2016-04-05,8337,53775650
2016-04-06,8227,53064666
2016-04-07,7418,47842939
2016-04-08,9010,58115339
2016-04-09,10078,65000584
2016-04-10,5239,33794388
2016-04-11,7349,47403952
2016-04-12,9435,60853944
2016-04-13,10108,65196020
2016-04-14,9060,58438484
2016-04-15,8992,57996852
2016-04-16,9752,62903432
2016-04-17,8942,57675449
2016-04-18,9834,63426269
2016-04-19,6203,40007351
2016-04-20,8779,56623777
2016-04-21,8281,53410902
2016-04-22,9205,59370250
2016-04-23,9284,59879349
2016-04-24,9812,63284691
2016-04-25,579,3733067
2016-04-26,2794,18018785
2016-04-27,8674,55944591
2016-04-28,7560,48765753
2016-04-29,7571,48845150
2016-04-30,4975,32085719
2016-05-02,34,217817
2016-05-03,7356,47446458
2016-05-04,8406,54219087
2016-05-05,6304,40662542
2016-05-06,9376,60476490
2016-05-07,8950,57725114
2016-05-08,6956,44865555
2016-05-10,8688,56035923
2016-05-11,6957,44874714
2016-05-12,3018,19464488
2016-05-13,9522,61414256
2016-05-14,10165,65565089
2016-05-15,8953,57748205
2016-05-17,3219,20761583
2016-05-18,8840,57016001
2016-05-19,8842,57030126
2016-05-20,8646,55768119
2016-05-21,7302,47097062
2016-05-22,9826,63379378
2016-05-23,62,398739
2016-05-24,5974,38531398
2016-05-25,9400,60628453
2016-05-26,677,4364393
2016-05-28,9946,64154152
2016-05-29,5742,37038029
2016-05-30,38,243939
2016-05-31,8873,57232915
2016-06-01,7020,45279258
2016-06-02,8869,57207502
2016-06-03,6984,45045897
2016-06-04,4871,31418402
2016-06-05,10880,70177355
2016-06-06,56,358492
2016-06-07,145,936283
2016-06-08,6277,40489488
2016-06-09,8369,53978503
2016-06-10,1044,6736058
2016-06-11,20,129000
2016-06-12,2,12191
2016-06-16,43,277931
2016-06-17,6703,43231512
2016-06-18,9543,61550416
2016-06-19,7919,51077099
2016-06-20,8276,53378910
2016-06-21,8339,53787002
2016-06-22,8013,51686301
2016-06-23,8549,55141566
2016-06-24,7922,51094772
2016-06-25,9278,59843036
2016-06-26,9290,59919017
2016-06-27,8502,54835321
2016-06-28,8852,57097528
2016-06-29,8169,52688567
2016-06-30,8619,55591970
2016-07-01,8995,58018138
2016-07-02,10918,70419940
2016-07-03,10941,70566871
2016-07-04,10927,70481924
2016-07-05,11307,72927376
2016-07-06,6749,43530147
2016-07-07,7779,50177001
2016-07-08,7292,47036593
2016-07-09,7445,48018315
2016-07-10,8729,56300115
2016-07-11,9037,58291682
2016-07-12,8811,56832885
2016-07-13,8650,55792694
2016-07-14,8261,53285320
2016-07-15,8282,53420965
2016-07-16,9520,61403420
2016-07-17,6296,40608361
2016-07-18,9443,60906705
2016-07-19,9333,60200689
2016-07-20,7429,47913890
2016-07-21,8601,55475096
2016-07-22,6511,41998337
2016-07-23,5692,36714755
2016-07-24,9058,58422036
2016-07-25,9216,59443072
2016-07-26,9313,60067948
2016-07-27,8607,55521213
2016-07-28,8638,55713810
2016-07-29,8572,55288175
2016-07-30,9490,61213468
2016-07-31,10502,67738288
2016-08-01,8439,54428519
2016-08-03,8201,52896100
2016-08-04,10890,70240000
2016-08-05,7520,48504000
2016-08-06,9530,61469000
2016-08-07,9292,59933800
2016-08-08,9886,63764700
2016-08-09,8126,52412500
2016-08-10,7306,47182400
2016-08-11,5389,34759000
2016-08-12,5569,35919930
2016-08-13,4637,29908600
2016-08-14,7752,51935350
2016-08-15,10297,66374671
2016-08-16,10619,68492126
2016-08-17,8819,56884550
2016-08-18,10224,65943962
2016-08-19,7703,49685641
2016-08-20,8703,56128043
2016-08-21,7014,45238837
2016-08-22,7193,46393624
2016-08-23,8092,52193400
2016-08-24,6837,44097748
2016-08-25,7073,45618722
2016-08-26,6463,41687512
2016-08-27,7022,45293642
2016-08-28,7121,45932450
2016-08-30,5331,34383467
2016-08-31,6756,43573362
2016-09-01,7780,50177968
2016-09-02,7428,47912858
2016-09-03,8206,52925992
2016-09-04,9738,62812744
2016-09-05,6889,44431599
2016-09-06,7588,48943632
2016-09-07,7920,51086387
2016-09-08,3727,24037602
2016-09-09,8397,54163101
2016-09-10,12283,79224124.5
2016-09-11,8621,55604289
2016-09-12,7235,46667814
2016-09-13,8510,54890016
2016-09-14,7655,49373460
2016-09-15,7657,49387908
2016-09-16,7726,49834570.5
2016-09-17,8611,55541853
2016-09-18,7798,50296455
2016-09-19,7341,47351966
2016-09-20,7297,47068489
2016-09-21,7325,47243026
2016-09-22,7392,47675756
2016-09-23,8783,56648350.5
2016-09-24,9253,59684172
2016-09-25,7607,49065666
2016-09-26,8138,52493196
2016-09-27,7300,47087253
2016-09-28,7280,46958513
2016-09-29,8834,56980784
2016-09-30,8819,56885517
2016-10-01,9153,59038527
2016-10-02,4998,32235294
2016-10-03,3465,22347766
2016-10-04,10177,65643585
2016-10-05,10578,68230874
2016-10-06,7329,47273727
2016-10-07,6334,40852946
2016-10-08,8475,54660847
2016-10-09,8448,54488569
2016-10-10,7357,47453424
2016-10-11,8089,52174243
2016-10-12,6311,40703822
2016-10-13,6564,42334504
2016-10-14,7198,46424069
2016-10-15,9952,64193561
2016-10-16,9032,58255433
2016-10-17,7764,50080509
2016-10-18,5762,37165673
2016-10-19,3647,23519989
2016-10-20,5854,37756300
2016-10-21,7812,50384239
2016-10-22,7592,48968916
2016-10-23,7394,47690848
2016-10-24,7651,49351400
2016-10-25,7292,47032303
2016-10-26,6721,43350837
2016-10-27,6267,40419118
2016-10-28,5784,37305510
2016-10-29,6514,42016525
2016-10-30,7318,47202325
2016-10-31,7070,45598662
2016-11-01,6751,43544659
2016-11-02,6450,41605144
2016-11-03,6430,41472145
2016-11-04,6512,42002530
2016-11-05,7533,48587398
2016-11-06,8892,57353722
2016-11-07,8306,53572023
2016-11-08,8303,53555124
2016-11-09,7250,46763983
2016-11-10,7799,50303808
2016-11-11,6939,44753975
2016-11-12,8100,52245644
2016-11-13,7292,47033464
2016-11-14,8223,53035124
2016-11-15,7102,45805642
2016-11-16,7042,45418900
2016-11-17,7212,46515816
2016-11-18,7056,45510555
2016-11-19,8687,56033050
2016-11-20,8178,52745391
2016-11-21,7121,45932965
2016-11-22,6776,43705845
2016-11-23,6984,45047767
2016-11-24,7339,47337452
2016-11-25,7063,45558026
2016-11-26,7767,50096698
2016-11-27,10486,67635022
2016-11-28,7595,48986395
2016-11-29,6980,45019000
2016-11-30,6687,43129408
2016-12-01,8154,52591171
2016-12-02,7612,49094755
2016-12-03,7902,50968093
2016-12-04,2710,17476662
2016-12-05,7691,49607597
2016-12-06,7696,49641521
2016-12-07,7091,45738626
2016-12-08,8270,53339436
2016-12-09,5370,34635274
2016-12-10,8710,56178661
2016-12-11,8617,55582165
2016-12-12,9028,58228793
2016-12-13,4499,29016421
2016-12-14,8340,53793258
2016-12-15,6781,43740287
2016-12-16,6854,44210170
2016-12-17,8074,52077300
2016-12-18,8437,54421810
2016-12-19,5242,33809867
2016-12-21,7100,45796483
2016-12-22,7062,45549061
2016-12-23,7859,50689260
2016-12-24,9962,64255094
2016-12-25,9740,62820742
2016-12-26,9399,60625355
2016-12-27,8750,56439435
2016-12-28,8200,52891354
2016-12-29,7952,51290851
2016-12-30,8306,53571700
2016-12-31,11832,76316916
2017-01-01,8743,56390092
2017-01-02,7724,49817929
2017-01-03,9302,59995707
2017-01-04,5350,34559552
2017-01-05,7622,49163060
2017-01-06,7889,50882887
2017-01-07,8350,53858338
2017-01-08,8726,56283281
2017-01-09,7971,51415787
2017-01-10,8701,56124223
2017-01-11,7963,51358125
2017-01-12,7361,47479159
2017-01-13,7121,45929805
2017-01-14,8448,54491019
2017-01-15,8057,51961716
2017-01-16,7544,48659638
2017-01-17,7889,50884953
2017-01-18,7035,45373105
2017-01-19,8243,53169542
2017-01-20,7634,49239170
2017-01-21,7443,48004318
2017-01-22,7537,48614553
2017-01-23,6507,41968537
2017-01-24,7085,45699992
2017-01-25,6602,42584319
2017-01-26,7406,47769474
2017-01-27,7792,50257238
2017-01-28,8601,55476966
2017-01-29,8801,56766214
2017-01-30,7972,51416884
2017-01-31,4421,28516353
2017-02-01,7091,45735208
2017-02-02,7926,51121862
2017-02-03,9533,61488495
2017-02-04,9335,60208040
2017-02-05,7580,48892225
2017-02-06,8556,55188521
2017-02-07,5271,33996144
2017-02-08,7626,49188151
2017-02-09,8434,54396397
2017-02-10,8259,53268744
2017-02-11,8150,52567500
2017-02-12,8700,56000062
2017-02-13,10697,68997392
2017-02-14,9836,63265541
2017-02-15,6971,44962305
2017-02-16,3432,22136207
2017-02-17,2910,18767823
2017-02-18,7889,50882373
2017-02-19,8303,53553575
2017-02-20,7828,50492019
2017-02-21,8296,53509845
2017-02-22,7637,49257682
2017-02-23,7205,46472766
2017-02-24,7791,50254918
2017-02-25,9128,58873279
2017-02-26,8174,52719139
2017-02-27,7748,49973116
2017-02-28,7242,46712126
2017-03-01,8593,55423882
2017-03-02,7458,48103261
2017-03-03,7791,50253368
2017-03-04,9094,58658170
2017-03-05,8793,56711818
2017-03-06,9789,63136535
2017-03-07,634,4087172
2017-03-08,7177,46289521
2017-03-09,8473,54642787
2017-03-10,6814,43947719
2017-03-11,9061,58446546
2017-03-12,7587,48936796
2017-03-13,9126,58860727
2017-03-14,10483,67608578
2017-03-15,6093,39302043
2017-03-16,8125,52408636
2017-03-17,8613,55554237
2017-03-18,9492,61226432
2017-03-19,9929,64040309
2017-03-20,11580,74692032
2017-03-21,9753,62905109
2017-03-22,8530,55015534
2017-03-23,8357,53905424
2017-03-24,9423,60778544
2017-03-25,10035,64722977
2017-03-26,10120,65271549
2017-03-27,9426,60798087
2017-03-28,7943,51233254
2017-03-29,8881,57282966
2017-03-30,9287,59903860
2017-03-31,9813,63292174
2017-04-01,10129,65329728
2017-04-02,10064,64911446
2017-04-03,11560,74562839
2017-04-04,9881,63733482
2017-04-05,10445,67370831
2017-04-06,9939,64104229
2017-04-07,11100,71593259
2017-04-08,11419,73652615
2017-04-09,11036,71182265
2017-04-10,11833,76322528
2017-04-11,9206,59377732
2017-04-12,8983,57942092
2017-04-13,10128,65323275
2017-04-14,10149,65457826
2017-04-15,10213,65871916
2017-04-16,11491,74114371
2017-04-17,10054,64849784
2017-04-18,10306,66475184
2017-04-19,9773,63032755
2017-04-20,9651,62250047
2017-04-21,10138,65390036
2017-04-22,11127,71767086
2017-04-23,10299,66428422
2017-04-24,11072,71416400
2017-04-26,6509,41983050
2017-04-27,9553,61616850
2017-04-28,10654,68718300
2017-04-29,10982,70833900
2017-04-30,10179,65654550
2017-05-01,11187,72156150
2017-05-02,10908,70356600
2017-05-03,802,5172900
2017-05-04,7880,50826000
2017-05-06,5231,33739950
2017-05-07,11939,77006550
2017-05-08,6805,43892250
2017-05-09,7832,50516400
2017-05-10,31,200000
2017-05-11,6187,39906150
2017-05-12,2052,13235400
2017-05-13,7660,49407000
2017-05-17,7102,45807900
2017-05-18,7960,51342000
2017-05-19,47,299989
2017-05-23,7844,50593800
2017-05-25,10,64500
2017-05-27,5306,34223700
2017-05-28,2764,17827800
2017-06-01,7772,50129400
2017-06-03,21,135450
2017-06-05,7451,48058950
2017-06-06,478,3083100
2017-06-07,9833,63422850
2017-06-08,5845,37700250
2017-06-09,2590,16705500
2017-06-10,8321,53670450
2017-06-11,11725,75626250
2017-06-12,9330,60178500
2017-06-13,4819,31082550
2017-06-14,10816,69763200
2017-06-15,5367,34617150
2017-06-16,10985,70853250
2017-06-17,12545,80915250
2017-06-18,12743,82192350
2017-06-19,5863,37813360
2017-06-20,10101,65151450
2017-06-21,13630,87913500
2017-06-22,15008,96801600
2017-06-23,15219,98162550
2017-06-24,15267,98472150
2017-06-25,8450,54502500
2017-06-26,11466,73955700
2017-06-27,9915,63951750
2017-06-28,9911,63925950
2017-06-29,9355,60339750
2017-06-30,9239,59591550
2017-07-01,10507,67770150
2017-07-02,10597,68350650
2017-07-03,9362,60384900
2017-07-04,9745,62855250
2017-07-05,8967,57837150
2017-07-06,12625,81431250
2017-07-07,2914,18795300
2017-07-08,14768,95253600
2017-07-09,14247,91893150
2017-07-11,13039,84101550
2017-07-12,14414,92970300
2017-07-13,14025,90461250
2017-07-14,10455,67434750
2017-07-15,14887,96021150
2017-07-16,13392,86378400
2017-07-17,15715,101361750
2017-07-18,14846,95756700
2017-07-19,13512,87152400
2017-07-20,13749,88681050
2017-07-21,4243,27367350
2017-07-22,7802,50322900
2017-07-23,7253,46781850
2017-07-24,985,6353250
2017-07-25,7653,49361850
2017-07-26,4881,31482450
2017-07-27,8179,52754550
2017-07-28,8382,54063900
2017-07-29,10403,67099350
2017-07-30,4453,28721850
2017-07-31,3355,21639750
2017-08-01,7759,50045550
2017-08-02,7886,50864700
2017-08-03,31,200000
2017-08-04,8114,52335300
2017-08-05,6821,43995450
2017-08-06,931,6004950
2017-08-08,7002,45162900
2017-08-09,1028,6630600
2017-08-11,4693,30269850
2017-08-12,10988,70872600
2017-08-13,8243,53167350
2017-08-14,7847,50613150
2017-08-15,7839,50561550
2017-08-16,6760,43602800
2017-08-17,9121,58830450
2017-08-19,6338,40880100
2017-08-20,1622,10461900
2017-08-22,635,4095750
2017-08-23,13838,89255100
2017-08-24,1338,8630100
2017-08-25,13290,85720500
2017-08-26,2589,16699050
2017-08-27,7940,51213000
2017-08-29,7710,49730500
2017-08-30,8090,52180500
2017-09-01,1534,9894300
2017-09-02,14169,91390050
2017-09-03,7838,50555100
2017-09-05,7932,51161400
2017-09-07,7830,50503500
2017-09-08,7827,50484150
2017-09-09,7848,50619600
2017-09-11,7871,50767950
2017-09-12,1479,9539550
2017-09-13,6099,39338550
2017-09-14,6557,42292650
2017-09-15,9486,61184700
2017-09-17,7966,51380700
2017-09-18,7867,50742150
2017-09-19,7915,51051750
2017-09-21,7663,49426350
2017-09-22,8345,53825250
2017-09-23,8049,51916050
2017-09-24,37,238650
2017-09-26,7626,49187700
2017-09-28,6,38700
2017-09-30,7998,51587100
2017-10-03,7774,50141300
2017-10-05,8126,52412700
2017-10-07,7770,50116500
2017-10-08,7982,51483900
2017-10-09,46,296700
2017-10-10,7959,51335550
2017-10-11,9,58050
2017-10-13,8118,52363100
2017-10-15,7278,46943100
2017-10-16,8495,54792750
2017-10-17,7638,49265100
2017-10-18,7899,50950100
2017-10-19,8161,52638450
2017-10-21,7954,51303306
2017-10-22,11410,73594500
2017-10-23,4469,28825050
2017-10-24,7903,50974350
2017-10-25,7931,51154950
2017-10-26,7255,46794750
2017-10-28,8438,54425100
2017-10-31,7734,49884300
2017-11-01,22,141900
2017-11-03,8227,53063150
2017-11-04,7710,49729500
2017-11-05,41,264450
2017-11-06,57,367660
2017-11-07,7968,51393600
2017-11-09,20,129000
2017-11-11,8022,51741900
2017-11-14,7992,51548400
2017-11-15,7468,48168600
2017-11-17,8318,53651100
2017-11-19,7739,49916550
2017-11-21,7678,49523100
2017-11-22,8250,53212500
2017-11-24,6653,42911850
2017-11-25,1292,8333400
2017-11-27,7976,51445200
2017-11-28,7810,50374500
2017-11-29,7788,50268600
2017-12-01,8094,52206300
2017-12-04,7942,51225900
2017-12-05,7447,48033150
2017-12-06,31,199950
2017-12-07,8130,52438500
2017-12-08,7800,50310000
2017-12-10,7991,51541950
2017-12-11,10,64500
2017-12-12,8095,52212750
2017-12-14,7799,50303550
2017-12-15,7865,50729250
2017-12-17,7881,50832450
2017-12-19,8059,51980550
2017-12-21,7889,50851800
2017-12-22,7926,49122700
2017-12-24,7823,50458350
2017-12-25,136,877200
2017-12-26,7821,50445450
2017-12-28,7952,51290400
2017-12-29,8088,52167600
2017-12-31,7793,50264850
2018-01-01,7919,51077550
2018-01-02,7980,51471000
2018-01-04,27,174150
2018-01-05,7884,50851800
2018-01-07,7729,49852050
2018-01-08,7871,50767950
2018-01-10,7958,51329100
2018-01-12,7695,49632750
2018-01-14,8130,52438500
2018-01-16,7967,51387150
2018-01-17,7879,50819500
2018-01-19,7988,51522600
2018-01-21,7913,51038850
2018-01-22,7900,50955000
2018-01-24,7996,51574200
2018-01-26,6776,43705200
2018-01-27,1135,7320750
2018-01-28,8017,51709650
2018-01-29,7958,51329100
2018-01-31,7923,51103350
2018-02-01,7890,50890500
2018-02-03,7956,51316200
2018-02-05,7785,50213250
2018-02-07,7861,50703450
2018-02-08,7944,51238800
2018-02-10,7996,51574200
2018-02-12,7953,51296850
2018-02-14,7770,50116500
2018-02-15,7920,51084000
2018-02-18,7801,50316450
2018-02-19,8054,51948300
2018-02-21,7857,50677650
2018-02-22,7972,51419400
2018-02-24,8078,52103100
2018-02-26,15412,99407750
2018-02-27,8247,53193150
2018-02-28,7830,50503500
2018-03-01,14101,90951450
2018-03-02,1712,11042600
2018-03-05,15898,102542100
2018-03-08,7917,51064650
2018-03-10,8017,51709650
2018-03-13,7834,50529300
2018-03-14,7954,51303300
2018-03-15,7868,50748600
2018-03-17,7949,51271000
2018-03-18,16,103200
2018-03-20,7769,50110050
2018-03-21,7951,51283950
2018-03-22,7951,51283850
2018-03-24,8015,51696750
2018-03-27,15735,101491750
2018-03-28,6221,40125450
2018-03-29,16910,109101750
2018-03-30,13820,89139000
2018-03-31,16089,103774050
2018-04-01,17974,115945200
2018-04-02,17781,114687450
2018-04-03,16922,109791900
2018-04-04,16627,107244156
2018-04-05,17815,114906750
2018-04-06,17127,110469150
2018-04-07,11747,75768150
2018-04-08,11175,72078650
2018-04-09,18545,119615250
2018-04-10,17348,111894600
2018-04-11,15673,101090850
2018-04-12,17792,114758400
2018-04-13,18522,119466900
2018-04-14,16810,108424500
2018-04-15,18198,117377100
2018-04-16,17830,115326000
2018-04-17,15432,99536400
2018-04-18,16730,107909400
2018-04-19,17990,116035500
2018-04-20,16746,108011700
2018-04-21,16313,105219350
2018-04-22,17514,112965300
2018-04-23,17768,114603600
2018-04-24,15013,96833850
2018-04-25,18103,116764350
2018-04-26,18898,121892100
2018-04-27,19377,124981650
2018-04-28,16197,104470650
2018-04-29,18913,121988850
2018-04-30,18890,121840500
2018-05-01,18967,122336350
2018-05-02,20147,129948150
2018-05-03,19950,128677500
2018-05-04,19211,123910950
2018-05-05,19534,125994700
2018-05-06,19154,123543300
2018-05-07,20330,131128500
2018-05-08,19441,125394450
2018-05-09,21232,136946400
2018-05-10,17392,112178400
2018-05-11,11993,77355650
2018-05-12,15842,102180900
2018-05-13,16691,107656950
2018-05-14,20725,133676250
2018-05-15,10236,66022200
2018-05-16,15248,98349600
2018-05-17,14467,93312150
2018-05-18,15391,99272600
2018-05-19,15535,100200750
2018-05-20,16327,105309150
2018-05-21,16431,105979950
2018-05-22,16178,104348100
2018-05-23,17648,113829600
2018-05-24,16625,107231250
2018-05-25,17354,111933300
2018-05-26,16525,106586250
2018-05-27,15294,98646300
2018-05-28,17771,114622951
2018-05-29,16396,105754200
2018-05-30,16937,109243650
2018-05-31,16135,104070750
2018-06-01,17281,111462450
2018-06-02,18133,116957850
2018-06-03,16906,109043700
2018-06-04,12522,80766900
2018-06-05,17669,113965050
2018-06-06,17819,114932550
2018-06-07,18357,118402650
2018-06-08,13597,87700650
2018-06-09,17408,112281600
2018-06-10,19611,126490950
2018-06-11,19833,127922850
2018-06-12,21107,136140150
2018-06-13,19714,127155300
2018-06-14,18927,122079150
2018-06-15,13380,86301000
2018-06-16,16222,104631900
2018-06-17,12250,79012500
2018-06-18,16353,105476850
2018-06-19,17454,112578300
2018-06-20,18252,117725400
2018-06-21,16888,108927600
2018-06-22,18551,119653950
2018-06-23,18111,116815950
2018-06-24,18491,119266950
2018-06-25,18064,116512800
2018-06-26,19033,122762850
2018-06-27,17315,111681750
2018-06-28,17580,113391000
2018-06-29,18178,117248100
2018-06-30,18320,118164000
2018-07-01,20124,129799800
2018-07-02,17744,114448800
2018-07-03,14211,91660950
2018-07-04,20007,129045150
2018-07-05,5038,32495100
2018-07-06,18646,120266700
2018-07-07,19553,126116850
2018-07-08,20334,131154300
2018-07-09,20640,133128000
2018-07-10,17396,112204200
2018-07-11,18913,121988850
2018-07-12,17105,110327250
2018-07-13,17644,113803800
2018-07-14,17943,115732350
2018-07-15,18411,118750950
2018-07-16,7582,48903900
2018-07-17,19771,127522950
2018-07-18,18943,122182350
2018-07-19,18755,120969750
2018-07-20,18654,120318300
2018-07-21,19235,124065750
2018-07-22,18638,120215100
2018-07-23,19642,126690900
2018-07-24,19514,125865300
2018-07-25,18364,118447800
2018-07-26,18596,119944200
2018-07-27,17585,113423250
2018-07-28,18372,118499400
2018-07-29,17640,113778000
2018-07-30,12926,83372700
2018-07-31,19691,127005950
2018-08-01,19623,126568350
2018-08-02,18425,118841250
2018-08-03,20064,129412800
2018-08-04,19770,127516500
2018-08-05,17351,111913950
2018-08-06,19700,127065000
2018-08-07,15551,100303950
2018-08-08,18444,118963800
2018-08-09,17876,115300200
2018-08-10,17389,112159050
2018-08-11,18449,118996050
2018-08-12,18218,117506100
2018-08-13,18382,118241400
2018-08-14,6388,41202600
2018-08-15,15064,97162800
2018-08-16,18487,119241150
2018-08-17,17984,115996800
2018-08-18,16838,108611100
2018-08-19,17594,113481300
2018-08-20,17752,114500400
2018-08-21,19221,123975450
2018-08-22,13719,88487550
2018-08-23,18080,116616000
2018-08-24,16766,108140700
2018-08-25,18449,118996050
2018-08-26,17398,112167100
2018-08-27,19696,127039200
2018-08-28,17976,115945200
2018-08-29,19787,127626150
2018-08-30,12260,79077000
2018-08-31,12099,78038550
2018-09-01,20145,129935250
2018-09-02,19943,128632350
2018-09-03,14969,96550050
2018-09-04,20461,131973450
2018-09-05,20915,134901750
2018-09-06,17685,114068250
2018-09-07,16008,103251600
2018-09-08,7839,50561550
2018-09-09,15945,102845250
2018-09-10,15820,102039800
2018-09-11,18971,122362950
2018-09-12,20684,133411800
2018-09-13,15806,101948700
2018-09-14,8603,55489350
2018-09-15,21377,137880850
2018-09-16,9365,60504250
2018-09-17,7910,51019500
2018-09-18,15949,102871050
2018-09-19,11842,76380900
2018-09-20,13667,88152150
2018-09-21,19772,127529400
2018-09-22,14097,90925650
2018-09-23,20070,129451500
2018-09-24,10279,66299550
2018-09-25,20201,130296450
2018-09-26,17013,109733850
2018-09-27,13758,88739100
2018-09-28,17916,115558200
2018-09-29,7944,51238800
2018-10-01,23738,153110100
2018-10-02,10120,65274000
2018-10-03,20944,135088800
2018-10-04,15783,101800350
2018-10-05,11717,75574650
2018-10-06,17843,115280850
2018-10-07,10399,67073550
2018-10-08,10190,65725500
2018-10-09,13612,87797400
2018-10-10,7956,51316200
2018-10-11,7908,51006600
2018-10-12,7941,51219450
2018-10-13,7934,51174300
2018-10-14,7933,51167850
2018-10-15,7924,51109800
2018-10-16,7968,51393600
2018-10-17,7946,51251700
2018-10-18,7924,51109800
2018-10-19,7938,51200100
2018-10-20,7934,51174300
2018-10-21,15823,102058350
2018-10-23,7977,51451650
2018-10-24,7924,51109800
2018-10-26,15869,102355050
2018-10-27,15823,102052350
2018-10-28,16690,107631150
2018-10-29,22598,145757100
2018-10-30,12695,81882750
2018-10-31,19136,123427200
2018-11-01,15883,102445350
2018-11-02,19783,127600350
2018-11-03,17181,110817450
2018-11-04,18292,117983400
2018-11-05,15864,102322800
2018-11-06,15812,101987400
2018-11-07,15630,100813500
2018-11-08,16031,103399950
2018-11-09,15818,102026100
2018-11-10,14032,90506400
2018-11-11,14639,94421550
2018-11-12,13455,86784750
2018-11-13,20900,134805000
2018-11-14,15912,102632400
2018-11-15,15821,102045450
2018-11-16,14709,94873050
2018-11-17,16411,105850950
2018-11-18,16291,105076950
2018-11-19,15841,102174450
2018-11-20,7902,50967900
2018-11-21,8956,57766200
2018-11-22,19031,122814450
2018-11-23,15316,98788200
2018-11-24,19975,128838750
2018-11-25,15822,102051900
2018-11-26,15798,101897100
2018-11-27,15822,102051900
2018-11-28,7960,51342000
2018-11-29,7869,50755050
2018-11-30,7903,50974350
2018-12-01,15825,102071250
2018-12-02,15822,102051900
2018-12-03,15813,101993850
2018-12-04,11018,71066100
2018-12-05,15818,102026100
2018-12-06,12136,78277200
2018-12-07,19893,128309850
2018-12-08,18060,116487000
2018-12-09,18038,116345100
2018-12-10,15793,101865850
2018-12-11,13135,84720750
2018-12-12,16648,107379600
2018-12-13,13173,84965850
2018-12-14,17787,114726150
2018-12-15,18439,118931550
2018-12-16,14321,92370450
2018-12-17,14116,91048200
2018-12-18,14897,96085650
2018-12-19,17604,113545800
2018-12-20,18060,116487000
2018-12-21,15820,102039000
2018-12-22,8512,54902400
2018-12-23,21692,139913400
2018-12-24,14863,95866350
2018-12-25,18176,117235200
2018-12-26,9633,62132850
2018-12-27,19730,127258500
2018-12-28,18087,116661150
2018-12-29,6058,39074100
2018-12-30,20681,133392450
2018-12-31,20849,134476050
2019-01-01,11988,77322600
2019-01-02,19670,126871500
2019-01-03,11025,71111250
2019-01-04,19097,123175650
2019-01-05,8298,53522100
2019-01-06,20543,132502350
2019-01-07,12048,77709600
2019-01-08,11795,76077750
2019-01-09,12019,77522550
2019-01-10,12647,81673150
2019-01-11,16714,107805300
2019-01-12,16540,106683000
2019-01-13,18457,119047650
2019-01-14,14394,92841300
2019-01-15,16146,104141700
2019-01-16,13758,88739100
2019-01-17,17492,112823400
2019-01-18,22946,148001700
2019-01-19,22960,148092000
2019-01-20,20813,134243850
2019-01-21,21888,141177600
2019-01-22,22776,146905200
2019-01-23,22722,146556900
2019-01-24,23831,153709950
2019-01-25,22666,146195700
2019-01-26,20729,133702050
2019-01-27,21429,138217000
2019-01-28,20288,130857600
2019-01-29,23646,152516700
2019-01-30,22466,144905700
2019-01-31,23112,149072400
2019-02-01,21486,138584700
2019-02-02,22737,146653650
2019-02-03,22499,145118550
2019-02-04,20216,130393200
2019-02-05,20011,129070950
2019-02-06,20956,135166200
2019-02-07,21831,140809950
2019-02-08,21640,139578000
2019-02-09,20109,129703050
2019-02-10,21581,139197450
2019-02-11,22468,144918600
2019-02-12,20359,131315550
2019-02-13,22746,146711700
2019-02-14,20136,129877200
2019-02-15,21506,138713700
2019-02-16,21128,136275600
2019-02-17,18911,121975950
2019-02-18,13490,87010500
2019-02-19,16367,105567150
2019-02-20,19623,126568350
2019-02-21,18587,119886150
2019-02-22,19158,123569100
2019-02-23,16690,107650500
2019-02-24,19388,125052600
2019-02-25,15616,100723200
2019-02-26,13255,85494750
2019-02-27,19874,128187300
2019-02-28,10760,69402000
2019-03-01,22428,144660600
2019-03-02,14337,92473650
2019-03-03,21288,137307600
2019-03-04,23584,152117600
2019-03-05,17505,112907250
2019-03-06,15921,102690450
2019-03-07,14683,94705350
2019-03-08,19375,124968750
2019-03-09,14177,91441650
2019-03-10,20488,132147600
2019-03-11,18352,118370400
2019-03-12,14439,93131550
2019-03-13,20824,134314800
2019-03-14,19973,128825850
2019-03-15,15889,102484050
2019-03-17,22005,141932250
2019-03-18,21624,139474800
2019-03-19,19563,126181350
2019-03-20,8779,56624550
2019-03-21,16641,107334450
2019-03-22,18249,117706050
2019-03-23,19253,124181850
2019-03-24,18925,122066250
2019-03-25,21175,136578750
2019-03-26,20464,112642800
2019-03-27,21684,129096750
2019-03-28,19367,138326700
2019-03-29,19833,127922850
2019-03-30,15882,102438900
2019-03-31,20910,134869500
2019-04-01,20512,132302350
2019-04-02,14817,95569650
2019-04-03,15969,103000050
2019-04-04,17054,109998300
2019-04-05,22406,144518700
2019-04-06,18188,117312600
2019-04-07,16605,107102250
2019-04-08,16527,106599150
2019-04-09,15767,101697150
2019-04-10,18360,118422000
2019-04-11,17680,114036000
2019-04-12,14963,96511350
2019-04-13,22095,142512750
2019-04-14,14358,92609100
2019-04-15,23875,153993750
2019-04-16,21422,138171900
2019-04-17,18817,121369650
2019-04-18,16482,106308900
2019-04-19,17375,112068750
2019-04-20,19692,127013400
2019-04-21,20881,134682450
2019-04-22,13401,86436450
2019-04-23,12319,79457550
2019-04-24,12924,83359800
2019-04-25,19894,128316300
2019-04-26,15560,100362000
2019-04-27,22210,143254500
2019-04-28,23322,150426900
2019-04-29,12924,83359800
2019-04-30,23719,152987550
2019-05-01,18323,118183350
2019-05-02,25190,162475500
2019-05-03,25870,166861500
2019-05-04,17433,112441850
2019-05-05,19255,124194750
2019-05-06,21304,137410800
2019-05-07,22146,142841700
2019-05-08,21059,135830550
2019-05-09,19442,125400900
2019-05-10,19866,128135700
2019-05-11,21370,137836500
2019-05-12,20835,134372850
2019-05-13,16545,106715250
2019-05-14,15763,101671350
2019-05-15,18177,117241650
2019-05-16,20511,132295950
2019-05-17,20296,130909200
2019-05-18,21751,140293950
2019-05-19,21055,135804750
2019-05-20,16241,104754450
2019-05-21,17873,115274400
2019-05-22,16910,109069500
2019-05-23,21030,135644500
2019-05-24,20093,129599850
2019-05-25,21345,137675250
2019-05-26,22775,146898750
2019-05-27,21939,141506550
2019-05-28,22319,143957550
2019-05-29,21424,138184800
2019-05-30,22113,142628850
2019-05-31,20451,131908950
2019-06-01,21056,135811200
2019-06-02,21404,138055800
2019-06-03,22148,142854600
2019-06-04,18698,120602100
2019-06-05,15088,97317600
2019-06-06,18330,118228500
2019-06-07,16206,104528700
2019-06-08,17321,111720450
2019-06-09,19026,122717700
2019-06-10,19812,127787400
2019-06-11,18062,116499900
2019-06-12,15691,101206900
2019-06-13,19272,124304400
2019-06-14,18329,118222050
2019-06-15,20532,132431400
2019-06-16,21784,140506800
2019-06-17,21312,137460400
2019-06-18,20803,134179350
2019-06-19,20060,129387000
2019-06-20,17733,114377850
2019-06-21,20394,131541300
2019-06-22,20559,132605550
2019-06-23,20624,133024800
2019-06-24,20843,134437350
2019-06-25,20244,130573800
2019-06-26,13784,88906800
2019-06-27,19407,125175150
2019-06-28,18089,116674050
2019-06-29,17369,112030050
2019-06-30,19507,125820150
2019-07-01,20729,133702050
2019-07-02,20691,133456950
2019-07-03,20615,132966750
2019-07-04,19421,125265450
2019-07-05,19901,128361450
2019-07-06,21200,136740000
2019-07-07,16992,109598400
2019-07-09,20129,129832050
2019-07-10,20593,132824850
2019-07-11,12683,81805350
2019-07-12,21238,136985100
2019-07-13,20502,132237900
2019-07-14,20001,129006450
2019-07-15,19091,123136950
2019-07-16,18274,117867300
2019-07-17,18732,120821500
2019-07-18,19862,128683950
2019-07-19,21280,137256000
2019-07-20,20462,131979900
2019-07-21,20707,133560600
2019-07-22,20854,134508300
2019-07-23,10848,69969600
2019-07-24,20418,131696100
2019-07-25,19945,128645250
2019-07-26,20138,129890100
2019-07-27,21542,138945900
2019-07-28,20715,133611750
2019-07-29,20867,134592150
2019-07-30,10501,67731450
2019-07-31,19958,128729100
2019-08-01,20667,133302150
2019-08-02,19842,127980900
2019-08-03,19329,124672050
2019-08-04,20028,129180600
2019-08-05,21510,138739500
2019-08-06,14045,90590250
2019-08-07,20273,130760850
2019-08-08,21027,135624150
2019-08-09,20137,129883650
2019-08-10,22717,146524650
2019-08-11,16855,108714750
2019-08-12,20195,130257750
2019-08-13,20371,131392950
2019-08-14,19855,128064750
2019-08-15,19456,125491200
2019-08-16,18277,117886630
2019-08-17,21458,138403600
2019-08-18,19797,127690650
2019-08-19,18214,117480300
2019-08-20,20041,129264450
2019-08-21,20001,129006450
2019-08-22,20930,134998500
2019-08-23,20100,129645000
2019-08-24,21328,137565600
2019-08-25,20741,133779450
2019-08-26,19487,125691150
2019-08-27,14064,90712800
2019-08-28,20982,135333900
2019-08-29,19374,124962300
2019-08-30,20756,133876200
2019-08-31,21509,138733050
2019-09-01,21437,138268650
2019-09-02,21402,138042900
2019-09-03,12430,80173500
2019-09-04,21961,141648450
2019-09-05,20806,134198700
2019-09-06,20929,134992500
2019-09-07,21453,138371850
2019-09-08,20332,131141400
2019-09-09,21022,135591900
2019-09-10,19920,128484000
2019-09-11,22137,142783650
2019-09-12,19015,122646750
2019-09-13,19239,124091550
2019-09-14,20418,131696100
2019-09-15,19615,126516750
2019-09-16,20611,132941950
2019-09-17,19116,123298200
2019-09-18,20643,133147350
2019-09-19,20690,133450500
2019-09-20,20297,130915650
2019-09-21,22122,142686900
2019-09-22,15860,102297000
2019-09-23,15875,102393750
2019-09-24,15871,102367950
2019-09-25,15867,102342150
2019-09-26,15862,102309900
2019-09-27,15865,102329250
2019-09-28,15798,101897100
2019-09-29,15847,102213150
2019-09-30,15843,102187350
2019-10-01,15817,102019650
2019-10-02,15880,102426000
2019-10-03,15829,102097050
2019-10-04,15856,102271200
2019-10-05,15861,102303450
2019-10-06,15810,101974500
2019-10-07,15804,101935800
2019-10-08,15767,101697150
2019-10-09,15889,102484050
2019-10-10,15849,102226050
2019-10-11,15826,102077700
2019-10-12,15742,101535900
2019-10-13,15888,102477600
2019-10-14,15815,102006750
2019-10-15,15845,102200250
2019-10-16,15870,102361500
2019-10-17,10920,70434000
2019-10-18,27556,177736200
2019-10-19,24619,158792530
2019-10-20,24176,155935200
2019-10-21,24127,155619150
2019-10-22,25084,161791800
2019-10-23,24616,158773200
2019-10-24,21144,136378800
2019-10-25,24356,157096200
2019-10-26,21751,140293950
2019-10-27,24816,160063200
2019-10-28,24953,160946850
2019-10-29,19197,123820650
2019-10-30,25243,162817350
2019-10-31,20945,135095250
2019-11-01,24048,155109600
2019-11-02,24427,157554150
2019-11-03,24735,159540750
2019-11-04,18804,121285800
2019-11-05,19696,127039200
2019-11-06,21579,139184550
2019-11-07,24552,158360400
2019-11-08,24083,155335350
2019-11-09,24512,158102400
2019-11-10,24952,160940400
2019-11-11,18056,116461200
2019-11-12,27644,178303800
2019-11-13,23489,151504050
2019-11-14,13210,85204500
2019-11-15,7897,50935650
2019-11-16,15806,101948700
2019-11-17,15863,102316350
2019-11-18,27707,178710150
2019-11-19,26523,171073350
2019-11-20,14013,90383850
2019-11-21,25191,162481950
2019-11-22,24330,156928500
2019-11-23,22917,147801750
2019-11-24,24850,160282500
2019-11-25,26840,173118000
2019-11-26,25720,165894000
2019-11-27,19405,125162250
2019-11-28,18061,116493450
2019-11-29,26787,172776150
2019-11-30,25093,161849850
2019-12-01,19782,127593900
2019-12-02,21040,135708000
2019-12-03,15861,102303450
2019-12-04,15850,102232500
2019-12-05,15788,101832600
2019-12-06,15884,102451800
2019-12-07,15826,102077700
2019-12-08,15887,102471150
2019-12-09,15877,102406650
2019-12-10,15847,102213150
2019-12-11,15850,102232500
2019-12-12,15866,102335700
2019-12-13,15871,102367950
2019-12-14,15821,102045450
2019-12-15,15820,102039000
2019-12-16,15859,102290550
2019-12-17,8537,55063650
2019-12-18,23070,148801500
2019-12-19,15869,102355050
2019-12-20,15825,102071250
2019-12-21,15846,102206700
2019-12-22,15863,102316350
2019-12-23,15740,101523000
2019-12-24,15862,102309900
2019-12-25,15829,102097050
2019-12-26,15827,102084150
2019-12-27,15916,102658200
2019-12-28,15880,102434000
2019-12-29,15860,102297000
2019-12-30,15901,102561450
2019-12-31,15874,102387300
2020-01-01,15827,102084150
2020-01-02,15860,102297000
2020-01-03,15841,102174450
2020-01-04,15858,102284100
2020-01-05,15812,101987400
2020-01-06,15902,102567900
2020-01-07,15851,102238900
2020-01-08,15838,102155100
2020-01-09,15829,102097050
2020-01-10,15870,102361500
2020-01-11,15750,101587500
2020-01-12,15853,102251850
2020-01-13,15895,102522750
2020-01-14,15860,102297000
2020-01-15,15913,102638850
2020-01-16,15830,102103500
2020-01-17,15834,102129300
2020-01-18,15875,102303750
2020-01-19,14909,96163050
2020-01-20,16766,108140700
2020-01-21,14273,92060850
2020-01-22,17407,112275150
2020-01-23,15840,102168000
2020-01-24,15863,102316350
2020-01-25,15814,102000300
2020-01-26,15841,102174450
2020-01-27,15960,102948450
2020-01-28,13825,89171250
2020-01-29,17834,115029300
2020-01-30,15854,102387300
2020-01-31,7936,51187200
2020-02-01,27922,180096900
2020-02-02,26322,169776900
2020-02-03,9028,58230600
2020-02-04,15869,102355050
2020-02-05,15891,102496950
2020-02-06,15813,101993850
2020-02-07,15891,102496950
2020-02-08,15854,102258300
2020-02-09,15826,102077700
2020-02-10,15815,102006750
2020-02-11,15833,102122850
2020-02-12,15926,102722700
2020-02-13,15849,103226050
2020-02-14,15311,98755950
2020-02-15,16365,105554250
2020-02-16,15836,102142200
2020-02-17,15797,101890650
2020-02-18,16001,103206450
2020-02-19,15758,101639100
2020-02-20,15892,102503400
2020-02-21,15850,102232500
2020-02-22,22160,142932000
2020-02-23,17543,113152350
2020-02-24,15919,102677550
2020-02-25,15900,102555000
2020-02-26,15878,102413100
2020-02-27,15868,102348600
2020-02-28,15946,102851700
2020-02-29,15840,102168000
2020-03-01,15886,102464700
2020-03-02,15904,102580800
2020-03-03,15860,102297000
2020-03-04,15913,102638850
2020-03-05,15844,102193800
2020-03-06,15874,102387300
2020-03-07,12725,82076250
2020-03-08,18936,122137200
2020-03-09,15830,102103500
2020-03-10,15834,102129300
2020-03-11,15865,102039000
2020-03-12,15806,101948700
2020-03-13,15890,102490500
2020-03-14,15861,102303450
2020-03-15,15883,102445350
2020-03-16,15844,102192810
2020-03-17,14103,90964350
2020-03-18,17562,113274900
2020-03-19,15900,102555000
2020-03-20,15846,102206900
2020-03-21,15882,102438900
2020-03-22,15889,108484050
2020-03-23,15927,102729150
2020-03-24,14452,93215400
2020-03-25,16822,108501900
2020-03-26,16315,105231750
2020-03-27,15834,102129300
2020-03-28,14051,90628950
2020-03-29,17687,114081150
2020-03-30,15874,102387300
2020-03-31,15889,102484050
2020-04-01,14685,94718250
2020-04-02,15797,101890650
2020-04-03,17060,110034000
2020-04-04,15815,102006750
2020-04-05,15859,102290550
2020-04-06,15908,102606600
2020-04-07,15869,102355050
2020-04-08,15859,102290555
2020-04-09,14934,96324300
2020-04-10,16517,106534650
2020-04-11,16154,104193300
2020-04-12,15885,102458250
2020-04-13,15823,102058350
2020-04-14,15845,102200250
2020-04-15,13402,86442900
2020-04-16,18227,117564150
2020-04-17,14531,93724950
2020-04-18,15810,101974502
2020-04-19,17246,111236700
2020-04-20,15776,101755200
2020-04-21,15850,102232500
2020-04-22,10616,68473200
2020-04-23,19343,124762350
2020-04-24,16564,106837800
2020-04-25,16914,109095300
2020-04-26,15845,102200250
2020-04-27,15859,102290550
2020-04-28,14557,93892650
2020-04-29,16699,107708550
2020-04-30,13959,90036000
2020-05-01,18282,117918900
2020-05-02,15873,102380850
2020-05-03,15838,102145100
2020-05-04,15743,101542350
2020-05-05,15904,102580800
2020-05-06,15908,102606600
2020-05-07,15851,102238950
2020-05-08,15854,102258300
2020-05-09,15904,102580800
2020-05-10,15747,101568150
2020-05-11,15938,102800100
2020-05-12,15896,102529200
2020-05-13,12035,77625750
2020-05-14,16717,107824650
2020-05-15,16982,109533900
2020-05-16,17796,114784200
2020-05-17,15840,102168000
2020-05-18,15911,102625950
2020-05-19,15809,101968050
2020-05-20,10693,68969850
2020-05-21,20643,133147350
2020-05-22,16278,104993100
2020-05-23,15882,102438900
2020-05-24,13966,90080700
2020-05-25,17717,114274650
2020-05-26,15846,102206700
2020-05-27,15881,102432450
2020-05-28,15890,102490500
2020-05-29,15895,102522750
2020-05-30,15874,102387300
2020-05-31,15841,102174450
2020-06-01,15896,102529200
2020-06-02,15889,102484050
2020-06-03,15769,101710050
2020-06-04,15846,102206700
2020-06-05,15883,102453618
2020-06-06,15830,102103500
2020-06-07,15882,102438900
2020-06-08,15892,102503400
2020-06-09,14537,93763650
2020-06-10,17276,111430200
2020-06-11,15906,102593700
2020-06-12,15881,102432450
2020-06-13,15895,102522750
2020-06-14,15866,102335700
2020-06-15,15809,101968050
2020-06-16,15931,102754950
2020-06-17,15893,102509858
2020-06-18,10603,68402250
2020-06-19,21141,136359450
2020-06-20,15906,102593700
2020-06-21,15853,102251850
2020-06-22,15921,102690450
2020-06-23,15839,102161550
2020-06-24,14287,92151150
2020-06-25,17516,112978200
2020-06-26,15871,102367950
2020-06-27,15884,102451800
2020-06-28,15847,102213150
2020-06-29,15897,102535650
2020-06-30,15939,102806550
2020-07-01,15866,102335700
2020-07-02,15876,102400200
2020-07-03,15885,102458250
2020-07-04,15896,102529200
2020-07-05,15871,102367950
2020-07-06,12304,79360800
2020-07-07,16740,107973000
2020-07-08,18526,119492700
2020-07-09,13114,84585300
2020-07-10,18583,119861350
2020-07-11,15848,102219600
2020-07-12,15884,102451800
2020-07-13,15867,102342150
2020-07-14,15870,102361500
2020-07-15,15865,102329250
2020-07-16,15887,102471150
2020-07-17,15863,102316350
2020-07-18,15871,102335700
2020-07-19,15944,102838800
2020-07-20,15900,102555000
2020-07-21,15881,102432450
2020-07-22,15877,102406650
2020-07-23,15528,100155600
2020-07-24,14999,96743550
2020-07-25,16359,105515550
2020-07-26,16587,106986150
2020-07-27,15875,102390750
2020-07-28,15951,102883950
2020-07-29,15902,102567900
2020-07-30,15901,102561450
2020-07-31,14740,95073000
2020-08-01,16458,106154100
2020-08-02,16302,105147900
2020-08-03,16057,103567650
2020-08-04,15919,102677150
2020-08-05,15903,102574350
2020-08-06,15952,102890400
2020-08-07,15838,102155100
2020-08-08,15898,102542100
2020-08-09,15908,102606600
2020-08-10,15893,102509850
2020-08-11,15823,102058350
2020-08-12,15880,102426000
2020-08-13,15875,102393750
2020-08-14,15882,102438900
2020-08-15,13771,88822950
2020-08-16,18090,116680500
2020-08-17,15848,102219600
2020-08-18,15857,102277650
2020-08-19,15860,102297000
2020-08-20,15869,102355050
2020-08-21,15910,102619500
2020-08-22,15843,102187350
2020-08-23,15919,102677550
2020-08-24,15845,102200250
2020-08-25,15869,102355050
2020-08-26,15890,102490500
2020-08-27,15868,102348600
2020-08-28,15866,102335700
2020-08-29,15883,102445350
2020-08-30,15891,102496950
2020-08-31,15883,102445350
2020-09-01,15871,102367950
2020-09-02,15926,102722700
2020-09-03,15881,102432450
2020-09-04,15874,102387300
2020-09-05,15838,102155100
2020-09-06,15907,102600150
2020-09-07,15884,102451800
2020-09-08,15842,102180900
2020-09-09,15875,102393750
2020-09-10,15877,102406650
2020-09-11,15896,102529200
2020-09-12,10098,65132100
2020-09-13,20127,129819150
2020-09-14,17457,112597650
2020-09-15,15874,102387300
2020-09-16,15727,101439150
2020-09-17,15837,102148650
2020-09-18,15380,99201000
2020-09-19,16387,105696150
2020-09-20,15908,102606600
2020-09-21,15884,102451800
2020-09-22,15900,102555000
2020-09-23,15862,102309900
2020-09-24,15904,102580800
2020-09-25,15867,102342150
2020-09-26,15856,102271200
2020-09-27,15889,102484050
2020-09-28,15853,102251850
2020-09-29,15911,102626950
2020-09-30,15885,102458250
2020-10-01,15888,102477600
2020-10-02,15894,102516300
2020-10-03,15911,102625950
2020-10-04,7959,51335550
2020-10-05,15891,102496950
2020-10-06,15878,102413100
2020-10-07,15875,102393750
2020-10-08,15886,102464700
2020-10-09,15874,102387300
2020-10-10,15827,102084150
2020-10-11,7925,51116250
2020-10-12,15869,102342150
2020-10-13,15873,102380856
2020-10-14,15894,102516300
2020-10-15,5959,38435550
2020-10-16,20184,130186800
2020-10-17,20835,134385750
2020-10-18,8593,55424850
2020-10-19,15864,102329250
2020-10-20,15864,102322800
2020-10-21,15866,102335700
2020-10-22,6256,40351200
2020-10-23,21647,139623150
2020-10-24,19723,127213350
2020-10-25,7908,51006600
2020-10-26,15847,102213150
2020-10-27,15876,102400250
2020-10-28,15839,102161550
2020-10-29,15797,101890650
2020-10-30,15867,102342150
2020-10-31,15895,102522750
2020-11-01,7929,51142850
2020-11-02,15856,102271200
2020-11-03,14146,91241700
2020-11-04,9233,59552850
2020-11-05,16279,104999550
2020-11-06,7937,51200100
2020-11-07,15864,102322800
2020-11-08,7961,51348450
2020-11-09,15847,102213150
2020-11-10,15884,102451800
2020-11-11,7964,51367800
2020-11-12,15897,102535650
2020-11-13,7868,50748600
2020-11-14,15830,102103505
2020-11-15,7924,51109800
2020-11-16,15864,102322800
2020-11-17,15839,102161550
2020-11-18,7951,51283950
2020-11-19,15843,102187350
2020-11-20,7957,51322650
2020-11-21,23995,153477750
2020-11-22,15882,102438900
2020-11-23,15901,102561450
2020-11-24,15899,102548550
2020-11-25,7968,51393600
2020-11-26,15876,102400200
2020-11-27,7954,51303300
2020-11-28,15887,102471150
2020-11-29,7911,51025950
2020-11-30,15892,102503400
2020-12-01,15875,102393750
2020-12-02,7957,51322650
2020-12-03,15840,102168000
2020-12-04,7938,51200100
2020-12-05,15856,102271200
2020-12-06,7925,51116250
2020-12-07,15897,102535650
2020-12-08,11887,76671150
2020-12-09,11878,76613100
2020-12-10,15880,102426000
2020-12-11,7882,50838900
2020-12-12,15860,102297000
2020-12-13,7936,51187200
2020-12-14,15897,102535650
2020-12-15,12522,80766900
2020-12-16,11250,72562500
2020-12-17,15877,102406650
2020-12-18,7948,51264600
2020-12-19,15823,102058350
2020-12-20,7934,51174300
2020-12-21,15862,102309900
2020-12-22,15851,102238950
2020-12-23,7972,51419400
2020-12-24,15868,102348600
2020-12-25,7915,51051756
2020-12-26,15866,102335700
2020-12-27,7958,51329100
2020-12-28,15873,102380850
2020-12-29,15841,102174450
2020-12-30,7933,51167850
2020-12-31,15866,102335700
2021-01-01,7954,51303300
2021-01-02,15857,102277650
2021-01-03,7936,51187200
2021-01-04,15823,102058350
2021-01-05,14191,91531956
2021-01-06,9615,62016750
2021-01-07,15865,102329250
2021-01-08,7924,51109800
2021-01-09,9440,60888000
2021-01-10,14414,92970300
2021-01-11,15852,102245400
2021-01-12,15880,102426000
2021-01-13,7934,51174300
2021-01-14,15829,102097250
2021-01-15,7940,51213000
2021-01-16,15867,102342150
2021-01-17,7879,50819550
2021-01-18,15894,102516300
2021-01-19,15862,102309900
2021-01-20,7849,50626050
2021-01-21,15905,102587250
2021-01-22,7936,51181200
2021-01-23,15867,102342150
2021-01-24,7917,51064658
2021-01-25,11006,70988700
2021-01-26,16452,106115400
2021-01-27,12239,78941550
2021-01-28,15858,102284100
2021-01-29,7952,51290400
2021-01-30,15887,102471150
2021-01-31,7981,51477450
2021-02-01,7936,51187200
2021-02-02,15886,102464700
2021-02-03,7962,51354900
2021-02-04,7915,51051750
2021-02-05,7980,51471000
2021-02-06,7940,51213000
2021-02-07,7956,51316200
2021-02-08,7893,50909850
2021-02-09,7950,51277500
2021-02-10,7969,51400050
2021-02-11,7941,51219450
2021-02-12,7898,50942100
2021-02-13,7949,51271050
2021-02-14,7938,51200100
2021-02-15,7914,51045300
2021-02-16,7929,51142050
2021-02-17,7914,51045300
2021-02-18,7962,51354900
2021-02-19,7937,51193650
2021-02-20,7930,51148500
2021-02-21,7924,51129150
2021-02-22,7962,51354900
2021-02-23,7946,51251700
2021-02-24,7922,51096900
2021-02-25,7937,51193650
2021-02-26,7919,51077550
2021-02-27,7915,51051750
2021-02-28,7965,51274250
2021-03-01,7912,51032400
2021-03-02,7911,51025950
2021-03-03,7955,51309750
2021-03-04,7963,51361350
2021-03-05,7955,51309756
2021-03-06,7961,51348450
2021-03-07,7926,51122700
2021-03-08,7901,50961450
2021-03-09,7041,45414450
2021-03-10,7651,49348950
2021-03-11,9099,58688550
2021-03-12,7944,51238800
2021-03-13,7920,51084000
2021-03-14,7952,51290400
2021-03-15,7898,50942100
2021-03-16,7912,51032400
2021-03-17,8836,56992200
2021-03-18,15853,102255750
2021-03-19,7981,51477450
2021-03-20,7910,51019500
2021-03-21,6180,39861000
2021-03-22,6775,43698750
2021-03-23,6324,40789800
2021-03-24,7652,49355400
2021-03-25,4878,31464100
2021-03-26,9152,59030400
2021-03-27,7243,46717350
2021-03-28,8836,56992200
2021-03-29,9528,61455600
2021-03-30,7859,50690550
2021-03-31,8525,55018500
2021-04-01,7918,51071100
2021-04-02,8768,56553600
2021-04-03,4677,30166650
2021-04-04,9240,59598000
2021-04-05,7421,47865450
2021-04-06,10658,68744100
2021-04-07,11373,73355850
2021-04-08,3005,19382250
2021-04-09,9742,62835900
2021-04-10,9974,64332300
2021-04-11,8775,56598750
2021-04-12,3461,22323450
2021-04-13,7253,46781850
2021-04-14,8981,57927450
2021-04-15,7651,49348950
2021-04-16,8268,53328600
2021-04-17,7553,48716850
2021-04-18,7637,49258650
2021-04-19,7748,49974600
2021-04-20,7991,51541950
2021-04-21,7748,49974600
2021-04-22,7758,50039100
2021-04-23,8197,52870650
2021-04-24,7662,49419900
2021-04-25,8063,52006350
2021-04-26,6341,40899450
2021-04-27,8042,51870900
2021-04-28,6256,40351200
2021-04-29,6974,44982300
2021-04-30,6550,42247500
2021-05-01,7069,45595050
2021-05-02,7692,49613400
2021-05-03,7565,48794250
2021-05-04,7669,49465050
2021-05-05,6733,43427850
2021-05-06,7435,47955750
2021-05-07,8427,54354150
2021-05-08,9660,62307000
2021-05-09,9090,58630500
2021-05-10,8695,56082750
2021-05-11,7712,49742400
2021-05-12,7015,45246750
2021-05-13,4725,30476250
2021-05-14,7038,45395100
2021-05-15,6991,45091950
2021-05-16,7630,49213500
2021-05-17,7627,49194150
2021-05-18,7938,51200100
2021-05-19,9255,59694750
2021-05-20,9185,59243250
2021-05-21,7577,48871650
2021-05-22,9916,63958200
2021-05-23,7474,48207300
2021-05-24,9154,59043300
2021-05-25,9507,61320150
2021-05-26,8334,53754300
2021-05-27,7639,49271600
2021-05-28,8171,52702950
2021-05-29,8872,57224400
2021-05-30,8756,56476200
2021-05-31,7933,51297850
2021-06-01,8114,51754800
2021-06-02,7950,51277500
2021-06-03,7967,51387150
2021-06-04,7938,51200100
2021-06-05,7926,51122700
2021-06-06,7950,51277500
2021-06-07,7298,47072100
2021-06-08,1621,10455450
2021-06-09,9136,58927200
2021-06-10,9089,58624050
2021-06-11,9238,59585100
2021-06-12,5464,35242800
2021-06-13,9843,63487350
2021-06-14,7093,45749850
2021-06-15,9357,60352650
2021-06-16,6676,43060200
2021-06-17,9515,61371750
2021-06-18,9073,58520850
2021-06-19,9690,62500500
2021-06-20,7952,51290400
2021-06-21,7416,47833200
2021-06-22,8473,54618000
2021-06-23,7924,51109800
2021-06-24,7937,51193650
2021-06-25,7936,51187200
2021-06-26,4968,32043600
2021-06-27,10876,70150200
2021-06-28,3464,22342800
2021-06-29,9876,63700200
2021-06-30,8425,54341250
2021-07-01,9995,64467750
2021-07-02,3610,27616450
2021-07-03,4228,32367150
2021-07-04,4276,32711408
2021-07-05,9357,71581050
2021-07-06,4287,32795550
2021-07-07,3726,28511900
2021-07-08,3945,30179250
2021-07-09,4151,31755150
2021-07-10,3888,29743200
2021-07-11,3707,28358550
2021-07-12,5229,40001850
2021-07-13,4180,31977000
2021-07-14,4231,32367150
2021-07-15,5114,39122100
2021-07-16,4072,31150800
2021-07-17,4651,35580150
2021-07-18,4839,37018350
2021-07-19,4222,32298300
2021-07-20,2543,19453950
2021-07-21,3843,29398950
2021-07-22,4450,34042500
2021-07-23,3949,30209800
2021-07-24,4032,30844800
2021-07-25,4294,32849100
2021-07-26,4056,31036050
2021-07-27,3494,26729100
2021-07-28,4162,31839300
2021-07-29,3995,30561750
2021-07-30,4125,31556250
2021-07-31,4355,33315750
2021-08-01,3967,30347550
2021-08-02,4480,34272000
2021-08-03,4894,37439100
2021-08-04,3701,28312650
2021-08-05,3129,23936850
2021-08-06,2842,21741300
2021-08-07,3111,23799150
2021-08-08,2760,21114000
2021-08-09,3067,23462550
2021-08-10,3132,23959800
2021-08-11,3255,24900750
2021-08-12,2951,22575150
2021-08-13,1989,15215850
2021-08-14,2108,16126200
2021-08-15,565,4322250
2021-08-16,411,3144150
2021-08-17,1115,8529750
2021-09-08,4669,35717850
2021-09-09,10833,82872450
2021-09-10,11341,86758650
2021-09-11,12148,92932200
2021-09-12,11491,87906150
2021-09-13,12415,94974750
2021-09-14,9827,75176550
2021-09-15,9838,75260700
2021-09-16,11220,85833000
2021-09-17,10910,83461500
2021-09-18,12180,93177000
2021-09-19,11942,91356300
2021-09-20,11690,89428500
2021-09-21,10812,82711800
2021-09-22,10755,82275750
2021-09-23,11073,84708450
2021-09-24,11223,85855950
2021-09-25,12803,97942950
2021-09-26,11206,85725900
2021-09-27,13025,99641250
2021-09-28,7898,60419700
2021-09-29,10974,83951100
2021-09-30,11472,87760800
2021-10-01,12321,94270950
2021-10-02,13658,104483700
2021-10-03,13178,100811700
2021-10-04,9646,73791900
2021-10-05,6880,52631600
2021-10-06,12806,97965900
2021-10-07,8976,68666400
2021-10-08,13029,99671850
2021-10-09,13888,106243200
2021-10-10,12766,97659900
2021-10-11,10618,81227700
2021-10-12,9379,71749350
2021-10-13,12562,96099300
2021-10-14,5847,44729550
2021-10-15,12232,93574800
2021-10-16,14593,111636450
2021-10-17,12867,98432550
2021-10-18,7071,54093150
2021-10-19,11252,86077800
2021-10-20,10974,83951100
2021-10-21,9927,75941550
2021-10-22,12835,98187750
2021-10-23,13518,103412700
2021-10-24,12890,98608500
2021-10-25,12239,93628350
2021-10-26,11319,86590350
2021-10-27,12502,95640300
2021-10-28,12456,95288400
2021-10-29,11228,85894200
